DateTime,PlayersCount
1/1/2006 0:00,4878
1/1/2006 1:00,4854
1/1/2006 2:00,4558
1/1/2006 3:00,3794
1/1/2006 4:00,2870
1/1/2006 5:00,2004
1/1/2006 6:00,1376
1/1/2006 7:00,1134
1/1/2006 8:00,1304
1/1/2006 9:00,1956
1/1/2006 10:00,2728
1/1/2006 11:00,3426
1/1/2006 12:00,3880
1/1/2006 13:00,4350
1/1/2006 14:00,4762
1/1/2006 15:00,5288
1/1/2006 16:00,5434
1/1/2006 17:00,5284
1/1/2006 18:00,4604
1/1/2006 19:00,4584
1/1/2006 20:00,5248
1/1/2006 21:00,5990
1/1/2006 22:00,6550
1/1/2006 23:00,6466
1/10/2006 0:00,1962
1/10/2006 1:00,1457
1/10/2006 2:00,1009
1/10/2006 3:00,652
1/10/2006 4:00,328
1/10/2006 5:00,223
1/10/2006 6:00,175
1/10/2006 7:00,233
1/10/2006 8:00,465
1/10/2006 9:00,664
1/10/2006 10:00,835
1/10/2006 11:00,1032
1/10/2006 12:00,1015
1/10/2006 13:00,1148
1/10/2006 14:00,1281
1/10/2006 15:00,1271
1/10/2006 16:00,1246
1/10/2006 17:00,1295
1/10/2006 18:00,1243
1/10/2006 19:00,1397
1/10/2006 20:00,1833
1/10/2006 21:00,1973
1/10/2006 22:00,2028
1/10/2006 23:00,1905
1/15/2006 0:00,6106
1/15/2006 1:00,5188
1/15/2006 2:00,4266
1/15/2006 3:00,3146
1/15/2006 4:00,2222
1/15/2006 5:00,1594
1/15/2006 6:00,1406
1/15/2006 7:00,1470
1/15/2006 8:00,1732
1/15/2006 9:00,2328
1/15/2006 10:00,2544
1/15/2006 11:00,3698
1/15/2006 12:00,3930
1/15/2006 13:00,3696
1/15/2006 14:00,5018
1/15/2006 15:00,5416
1/15/2006 16:00,5290
1/15/2006 17:00,5206
1/15/2006 18:00,3046
1/22/2006 0:00,5220
1/22/2006 1:00,5332
1/22/2006 2:00,4318
1/22/2006 3:00,3198
1/22/2006 4:00,2172
1/22/2006 5:00,1616
1/22/2006 6:00,1278
1/22/2006 7:00,1330
1/22/2006 8:00,1242
1/22/2006 12:00,3518
1/22/2006 13:00,4958
1/22/2006 14:00,5508
1/22/2006 15:00,4844
1/22/2006 16:00,5750
1/22/2006 17:00,5490
1/22/2006 18:00,5070
1/22/2006 19:00,5292
1/22/2006 20:00,5620
1/22/2006 21:00,6096
1/22/2006 22:00,5304
1/22/2006 23:00,6122
1/29/2006 0:00,4800
1/29/2006 1:00,4416
1/29/2006 2:00,3572
1/29/2006 3:00,2764
1/29/2006 4:00,1304
1/29/2006 5:00,820
1/29/2006 6:00,728
1/29/2006 7:00,956
1/29/2006 8:00,1310
1/29/2006 9:00,1782
1/29/2006 10:00,2330
1/29/2006 11:00,2904
1/29/2006 12:00,3048
1/29/2006 13:00,3696
1/29/2006 14:00,4000
1/29/2006 15:00,4258
1/29/2006 16:00,4306
1/29/2006 17:00,4250
1/29/2006 18:00,3750
1/29/2006 19:00,3786
1/29/2006 20:00,4414
1/29/2006 21:00,4766
1/29/2006 22:00,5070
1/29/2006 23:00,5236
2/4/2006 0:00,5820
2/4/2006 1:00,4796
2/4/2006 2:00,3758
2/4/2006 3:00,2730
2/4/2006 4:00,1738
2/4/2006 5:00,1198
2/4/2006 6:00,1070
2/4/2006 7:00,898
2/4/2006 8:00,1378
2/4/2006 9:00,1998
2/4/2006 10:00,2778
2/4/2006 11:00,3350
2/4/2006 12:00,3588
2/4/2006 13:00,4110
2/4/2006 14:00,3824
2/4/2006 15:00,4936
2/4/2006 16:00,5068
2/4/2006 17:00,4706
2/4/2006 18:00,4054
2/4/2006 19:00,4204
2/4/2006 20:00,2510
2/4/2006 21:00,5628
2/4/2006 22:00,5834
2/4/2006 23:00,5266
2/7/2006 0:00,2207
2/7/2006 1:00,1780
2/7/2006 2:00,1365
2/7/2006 3:00,815
2/7/2006 4:00,520
2/7/2006 5:00,412
2/7/2006 6:00,364
2/7/2006 7:00,401
2/7/2006 8:00,540
2/7/2006 9:00,755
2/7/2006 10:00,1145
2/7/2006 11:00,1334
2/7/2006 12:00,1333
2/7/2006 13:00,1586
2/7/2006 14:00,1795
2/7/2006 15:00,1878
2/7/2006 16:00,1953
2/7/2006 17:00,1515
2/7/2006 18:00,1579
2/7/2006 19:00,1559
2/7/2006 20:00,2043
2/7/2006 21:00,2467
2/7/2006 22:00,2630
2/7/2006 23:00,2429
2/19/2006 0:00,6330
2/19/2006 1:00,5300
2/19/2006 2:00,4266
2/19/2006 3:00,3236
2/19/2006 4:00,2344
2/19/2006 5:00,1564
2/19/2006 6:00,1176
2/19/2006 7:00,1196
2/19/2006 8:00,1500
2/19/2006 9:00,2160
2/19/2006 10:00,3020
2/19/2006 11:00,3774
2/19/2006 12:00,3384
2/19/2006 13:00,4790
2/19/2006 14:00,5526
2/19/2006 15:00,6054
2/19/2006 16:00,5942
2/19/2006 17:00,5852
2/19/2006 18:00,5148
2/19/2006 19:00,4708
2/19/2006 20:00,5454
2/19/2006 21:00,6100
2/19/2006 22:00,6652
2/19/2006 23:00,6378
2/26/2006 0:00,6162
2/26/2006 1:00,5258
2/26/2006 2:00,4224
2/26/2006 3:00,2962
2/26/2006 4:00,2036
2/26/2006 5:00,1526
2/26/2006 6:00,1158
2/26/2006 7:00,1122
2/26/2006 8:00,1500
2/26/2006 9:00,2158
2/26/2006 10:00,2850
2/26/2006 11:00,2924
2/26/2006 12:00,3800
2/26/2006 13:00,4514
2/26/2006 14:00,4986
2/26/2006 15:00,5426
2/26/2006 16:00,5574
2/26/2006 17:00,4518
2/26/2006 18:00,4872
2/26/2006 19:00,5190
2/26/2006 20:00,5966
2/26/2006 21:00,6348
2/26/2006 22:00,6460
2/26/2006 23:00,6214
3/9/2006 0:00,2092
3/9/2006 1:00,1824
3/9/2006 2:00,1347
3/9/2006 3:00,908
3/9/2006 4:00,629
3/9/2006 5:00,415
3/9/2006 6:00,307
3/9/2006 7:00,316
3/9/2006 8:00,435
3/9/2006 9:00,672
3/9/2006 10:00,875
3/9/2006 11:00,900
3/9/2006 12:00,1149
3/9/2006 13:00,1439
3/9/2006 14:00,1554
3/9/2006 15:00,1677
3/9/2006 16:00,1766
3/9/2006 17:00,1789
3/9/2006 18:00,1589
3/9/2006 19:00,1712
3/9/2006 20:00,2181
3/9/2006 21:00,2367
3/9/2006 22:00,2343
3/9/2006 23:00,2216
3/12/2006 0:00,2957
3/12/2006 1:00,1811
3/12/2006 2:00,1462
3/12/2006 3:00,985
3/12/2006 4:00,595
3/12/2006 5:00,386
3/12/2006 6:00,361
3/12/2006 7:00,446
3/12/2006 8:00,636
3/12/2006 9:00,1033
3/12/2006 10:00,1491
3/12/2006 11:00,1757
3/12/2006 12:00,1841
3/12/2006 13:00,2083
3/12/2006 14:00,2254
3/12/2006 15:00,2446
3/12/2006 16:00,2467
3/12/2006 17:00,2332
3/12/2006 18:00,1872
3/12/2006 19:00,2703
3/12/2006 20:00,3158
3/12/2006 21:00,3353
3/12/2006 22:00,3548
3/12/2006 23:00,2275
3/19/2006 0:00,5706
3/19/2006 1:00,5030
3/19/2006 2:00,3940
3/19/2006 3:00,2622
3/19/2006 4:00,1922
3/19/2006 5:00,1330
3/19/2006 6:00,1016
3/19/2006 7:00,990
3/19/2006 8:00,1242
3/19/2006 9:00,2040
3/19/2006 10:00,2686
3/19/2006 11:00,3202
3/19/2006 12:00,3566
3/19/2006 13:00,3374
3/19/2006 14:00,4638
3/19/2006 15:00,4866
3/19/2006 16:00,4870
3/19/2006 17:00,4736
3/19/2006 18:00,4188
3/19/2006 19:00,4324
3/19/2006 20:00,5202
3/19/2006 21:00,5670
3/19/2006 22:00,5966
3/19/2006 23:00,5616
3/26/2006 0:00,6022
3/26/2006 1:00,5086
3/26/2006 2:00,3822
3/26/2006 3:00,3030
3/26/2006 4:00,1780
3/26/2006 5:00,1676
3/26/2006 6:00,1034
3/26/2006 7:00,1146
3/26/2006 8:00,1516
3/26/2006 9:00,2012
3/26/2006 10:00,2726
3/26/2006 11:00,3434
3/26/2006 12:00,3856
3/26/2006 13:00,4538
3/26/2006 14:00,5124
3/26/2006 15:00,5252
3/26/2006 16:00,5336
3/26/2006 17:00,5126
3/26/2006 18:00,4644
3/26/2006 19:00,4674
3/26/2006 20:00,5180
3/26/2006 21:00,5746
3/26/2006 22:00,6160
3/26/2006 23:00,6242
4/6/2006 0:00,2540
4/6/2006 1:00,2125
4/6/2006 2:00,1617
4/6/2006 3:00,993
4/6/2006 4:00,684
4/6/2006 5:00,508
4/6/2006 6:00,405
4/6/2006 7:00,383
4/6/2006 8:00,544
4/6/2006 9:00,908
4/6/2006 10:00,1280
4/6/2006 11:00,1525
4/6/2006 12:00,1657
4/6/2006 13:00,1975
4/6/2006 14:00,2118
4/6/2006 15:00,1836
4/6/2006 16:00,2145
4/6/2006 17:00,2014
4/6/2006 18:00,1718
4/6/2006 19:00,1960
4/6/2006 20:00,2608
4/6/2006 21:00,2840
4/6/2006 22:00,2875
4/6/2006 23:00,2663
4/16/2006 0:00,3682
4/16/2006 1:00,4122
4/16/2006 2:00,3292
4/16/2006 3:00,2268
4/16/2006 4:00,1460
4/16/2006 5:00,1034
4/16/2006 6:00,990
4/16/2006 7:00,1000
4/16/2006 8:00,1228
4/16/2006 9:00,1528
4/16/2006 10:00,2664
4/16/2006 11:00,3480
4/16/2006 12:00,3868
4/16/2006 13:00,4232
4/16/2006 14:00,4570
4/16/2006 15:00,5058
4/16/2006 16:00,5186
4/16/2006 17:00,4972
4/16/2006 18:00,4544
4/16/2006 19:00,4604
4/16/2006 20:00,5342
4/16/2006 21:00,5838
4/16/2006 22:00,5072
4/16/2006 23:00,5534
4/23/2006 11:00,1582
4/23/2006 12:00,3610
4/23/2006 13:00,4008
4/23/2006 14:00,4452
4/23/2006 15:00,4614
4/23/2006 16:00,3862
4/23/2006 17:00,4334
4/23/2006 18:00,3806
4/23/2006 19:00,4114
4/23/2006 20:00,5120
4/23/2006 21:00,5676
4/23/2006 22:00,6042
4/23/2006 23:00,5672
4/30/2006 0:00,5306
4/30/2006 1:00,4264
4/30/2006 2:00,3292
4/30/2006 3:00,2216
4/30/2006 4:00,1602
4/30/2006 5:00,1160
4/30/2006 6:00,924
4/30/2006 7:00,922
4/30/2006 8:00,1042
4/30/2006 9:00,1784
4/30/2006 10:00,1990
4/30/2006 11:00,2824
4/30/2006 12:00,3282
4/30/2006 13:00,3960
4/30/2006 14:00,4416
4/30/2006 15:00,4562
4/30/2006 16:00,4404
4/30/2006 17:00,4468
4/30/2006 18:00,3820
4/30/2006 19:00,3940
4/30/2006 20:00,3860
4/30/2006 21:00,5268
4/30/2006 22:00,5636
4/30/2006 23:00,5532
5/2/2006 0:00,6152
5/2/2006 1:00,5526
5/2/2006 2:00,4466
5/2/2006 3:00,3208
5/2/2006 4:00,1072
5/2/2006 5:00,1266
5/2/2006 6:00,1122
5/2/2006 7:00,1120
5/2/2006 8:00,1364
5/2/2006 9:00,1866
5/2/2006 10:00,2626
5/2/2006 11:00,2858
5/2/2006 12:00,3700
5/2/2006 13:00,4200
5/2/2006 14:00,4728
5/2/2006 15:00,5052
5/2/2006 16:00,5238
5/2/2006 17:00,5086
5/2/2006 18:00,4460
5/2/2006 19:00,4858
5/2/2006 20:00,5582
5/2/2006 21:00,6206
5/2/2006 22:00,6434
5/2/2006 23:00,6022
5/3/2006 0:00,5980
5/3/2006 1:00,5270
5/3/2006 2:00,4060
5/3/2006 3:00,2820
5/3/2006 4:00,1916
5/3/2006 5:00,1364
5/3/2006 6:00,1092
5/3/2006 7:00,1112
5/3/2006 8:00,1330
5/3/2006 9:00,2010
5/3/2006 10:00,2722
5/3/2006 11:00,3402
5/3/2006 12:00,3624
5/3/2006 13:00,4302
5/3/2006 14:00,4132
5/3/2006 15:00,3354
5/3/2006 16:00,4922
5/3/2006 17:00,4110
5/3/2006 18:00,4192
5/3/2006 19:00,3518
5/3/2006 20:00,5052
5/3/2006 21:00,5790
5/3/2006 22:00,6160
5/3/2006 23:00,6130
5/11/2006 0:00,2340
5/11/2006 1:00,1779
5/11/2006 2:00,1652
5/11/2006 3:00,1104
5/11/2006 4:00,359
5/11/2006 5:00,439
5/11/2006 6:00,403
5/11/2006 7:00,564
5/11/2006 8:00,846
5/11/2006 9:00,1284
5/11/2006 10:00,1739
5/11/2006 11:00,2146
5/11/2006 12:00,2238
5/11/2006 13:00,2359
5/11/2006 14:00,2551
5/11/2006 15:00,2572
5/11/2006 16:00,2572
5/11/2006 17:00,2530
5/11/2006 18:00,2338
5/11/2006 19:00,2771
5/11/2006 20:00,3140
5/11/2006 21:00,3368
5/11/2006 22:00,3509
5/11/2006 23:00,3335
5/14/2006 0:00,2677
5/14/2006 1:00,2295
5/14/2006 2:00,1729
5/14/2006 3:00,1144
5/14/2006 4:00,740
5/14/2006 5:00,522
5/14/2006 6:00,446
5/14/2006 7:00,465
5/14/2006 8:00,692
5/14/2006 9:00,1031
5/14/2006 10:00,1363
5/14/2006 11:00,1565
5/14/2006 12:00,1626
5/14/2006 13:00,1751
5/14/2006 14:00,1964
5/14/2006 15:00,2191
5/14/2006 16:00,2213
5/14/2006 17:00,2107
5/14/2006 18:00,1815
5/14/2006 19:00,1532
5/14/2006 20:00,2230
5/14/2006 21:00,2640
5/14/2006 22:00,2285
5/14/2006 23:00,2583
5/21/2006 0:00,2170
5/21/2006 1:00,2133
5/21/2006 2:00,1598
5/21/2006 3:00,1063
5/21/2006 4:00,644
5/21/2006 5:00,461
5/21/2006 6:00,419
5/21/2006 7:00,426
5/21/2006 8:00,569
5/21/2006 9:00,843
5/21/2006 10:00,1164
5/21/2006 11:00,1494
5/21/2006 12:00,1379
5/21/2006 13:00,1897
5/21/2006 14:00,2054
5/21/2006 15:00,2176
5/21/2006 16:00,2182
5/21/2006 17:00,2033
5/21/2006 18:00,1780
5/21/2006 19:00,1837
5/21/2006 20:00,2316
5/21/2006 21:00,2626
5/21/2006 22:00,2748
5/21/2006 23:00,2674
5/28/2006 0:00,2334
5/28/2006 1:00,1842
5/28/2006 2:00,1430
5/28/2006 3:00,912
5/28/2006 4:00,598
5/28/2006 5:00,421
5/28/2006 6:00,398
5/28/2006 7:00,470
5/28/2006 8:00,634
5/28/2006 9:00,794
5/28/2006 10:00,1300
5/28/2006 11:00,1517
5/28/2006 12:00,1369
5/28/2006 13:00,1829
5/28/2006 14:00,1682
5/28/2006 15:00,2070
5/28/2006 16:00,2094
5/28/2006 17:00,2086
5/28/2006 18:00,1870
5/28/2006 19:00,2120
5/28/2006 20:00,2554
5/28/2006 21:00,2823
5/28/2006 22:00,2788
5/28/2006 23:00,2577
6/8/2006 0:00,2320
6/8/2006 1:00,1333
6/8/2006 2:00,1452
6/8/2006 3:00,1022
6/8/2006 4:00,642
6/8/2006 5:00,355
6/8/2006 6:00,238
6/8/2006 7:00,382
6/8/2006 8:00,471
6/8/2006 9:00,663
6/8/2006 10:00,921
6/8/2006 11:00,1141
6/8/2006 12:00,1171
6/8/2006 13:00,1358
6/8/2006 14:00,1622
6/8/2006 15:00,1738
6/8/2006 16:00,1469
6/8/2006 17:00,1662
6/8/2006 18:00,1382
6/8/2006 19:00,1237
6/8/2006 20:00,1802
6/8/2006 21:00,2171
6/8/2006 22:00,2217
6/8/2006 23:00,2150
6/18/2006 0:00,2273
6/18/2006 1:00,1752
6/18/2006 2:00,1334
6/18/2006 3:00,690
6/18/2006 4:00,576
6/18/2006 5:00,380
6/18/2006 6:00,317
6/18/2006 7:00,379
6/18/2006 8:00,467
6/18/2006 9:00,719
6/18/2006 10:00,1063
6/18/2006 11:00,1272
6/18/2006 12:00,1449
6/18/2006 13:00,1627
6/18/2006 14:00,1774
6/18/2006 15:00,1656
6/18/2006 16:00,1998
6/18/2006 17:00,1879
6/18/2006 18:00,1460
6/18/2006 19:00,1742
6/18/2006 20:00,2180
6/18/2006 21:00,2318
6/18/2006 22:00,2362
6/18/2006 23:00,2217
6/25/2006 0:00,2281
6/25/2006 1:00,1876
6/25/2006 2:00,1425
6/25/2006 3:00,911
6/25/2006 4:00,490
6/25/2006 5:00,370
6/25/2006 6:00,375
6/25/2006 7:00,407
6/25/2006 8:00,576
6/25/2006 9:00,803
6/25/2006 10:00,1128
6/25/2006 11:00,1399
6/25/2006 12:00,1460
6/25/2006 13:00,1671
6/25/2006 14:00,1907
6/25/2006 15:00,2055
6/25/2006 16:00,2104
6/25/2006 17:00,1962
6/25/2006 18:00,1751
6/25/2006 19:00,1789
6/25/2006 20:00,2067
6/25/2006 21:00,2408
6/25/2006 22:00,2505
6/25/2006 23:00,2374
7/5/2006 0:00,4808
7/5/2006 1:00,4018
7/5/2006 2:00,3066
7/5/2006 3:00,2114
7/5/2006 4:00,1410
7/5/2006 5:00,808
7/5/2006 6:00,770
7/5/2006 7:00,738
7/5/2006 8:00,1072
7/5/2006 9:00,1686
7/5/2006 10:00,2568
7/5/2006 11:00,3106
7/5/2006 12:00,3236
7/5/2006 13:00,3850
7/5/2006 14:00,4186
7/5/2006 15:00,4540
7/5/2006 16:00,4664
7/5/2006 17:00,4578
7/5/2006 18:00,3390
7/5/2006 19:00,3874
7/5/2006 20:00,4010
7/5/2006 21:00,5444
7/5/2006 22:00,5584
7/5/2006 23:00,5172
7/16/2006 0:00,2086
7/16/2006 1:00,1562
7/16/2006 2:00,1187
7/16/2006 3:00,625
7/16/2006 4:00,475
7/16/2006 5:00,333
7/16/2006 6:00,349
7/16/2006 7:00,352
7/16/2006 8:00,471
7/16/2006 9:00,716
7/16/2006 10:00,1025
7/16/2006 11:00,1279
7/16/2006 12:00,1419
7/16/2006 13:00,1562
7/16/2006 14:00,1699
7/16/2006 15:00,1763
7/16/2006 16:00,1753
7/16/2006 17:00,1692
7/16/2006 18:00,1393
7/16/2006 19:00,1540
7/16/2006 20:00,2019
7/16/2006 21:00,2301
7/16/2006 22:00,2317
7/16/2006 23:00,2248
7/23/2006 0:00,2302
7/23/2006 1:00,1588
7/23/2006 2:00,1086
7/23/2006 3:00,742
7/23/2006 4:00,344
7/23/2006 5:00,326
7/23/2006 6:00,234
7/23/2006 7:00,287
7/23/2006 8:00,437
7/23/2006 9:00,716
7/23/2006 10:00,930
7/23/2006 11:00,1245
7/23/2006 12:00,1339
7/23/2006 13:00,1357
7/23/2006 14:00,1739
7/23/2006 15:00,1784
7/23/2006 16:00,1588
7/23/2006 17:00,1566
7/23/2006 18:00,1269
7/23/2006 19:00,1670
7/23/2006 20:00,1717
7/23/2006 21:00,2205
7/23/2006 22:00,2222
7/23/2006 23:00,2076
7/30/2006 0:00,2380
7/30/2006 1:00,1893
7/30/2006 2:00,1331
7/30/2006 3:00,842
7/30/2006 4:00,614
7/30/2006 5:00,443
7/30/2006 6:00,355
7/30/2006 7:00,378
7/30/2006 8:00,485
7/30/2006 9:00,737
7/30/2006 10:00,1095
7/30/2006 11:00,1288
7/30/2006 12:00,1404
7/30/2006 13:00,1528
7/30/2006 14:00,1686
7/30/2006 15:00,1680
7/30/2006 16:00,1339
7/30/2006 17:00,1017
7/30/2006 18:00,1410
7/30/2006 19:00,1652
7/30/2006 20:00,2071
7/30/2006 21:00,2258
7/30/2006 22:00,2314
7/30/2006 23:00,2274
8/1/2006 0:00,6242
8/1/2006 1:00,5634
8/1/2006 2:00,4634
8/1/2006 3:00,3264
8/1/2006 4:00,2366
8/1/2006 5:00,1768
8/1/2006 6:00,1258
8/1/2006 7:00,1016
8/1/2006 8:00,1356
8/1/2006 9:00,2042
8/1/2006 10:00,2948
8/1/2006 11:00,3516
8/1/2006 12:00,3708
8/1/2006 13:00,4386
8/1/2006 14:00,4924
8/1/2006 15:00,5380
8/1/2006 16:00,5360
8/1/2006 17:00,5140
8/1/2006 18:00,4834
8/1/2006 19:00,4712
8/1/2006 20:00,5360
8/1/2006 21:00,5060
8/1/2006 22:00,6282
8/1/2006 23:00,6026
8/10/2006 0:00,1670
8/10/2006 1:00,1296
8/10/2006 2:00,788
8/10/2006 3:00,577
8/10/2006 4:00,343
8/10/2006 5:00,224
8/10/2006 6:00,201
8/10/2006 7:00,209
8/10/2006 8:00,320
8/10/2006 9:00,500
8/10/2006 10:00,713
8/10/2006 11:00,690
8/10/2006 12:00,902
8/10/2006 13:00,1084
8/10/2006 14:00,1212
8/10/2006 15:00,1254
8/10/2006 16:00,1024
8/10/2006 17:00,1205
8/10/2006 18:00,1056
8/10/2006 19:00,1177
8/10/2006 20:00,1432
8/10/2006 21:00,1704
8/10/2006 22:00,1816
8/10/2006 23:00,1448
8/13/2006 0:00,2169
8/13/2006 1:00,1697
8/13/2006 2:00,1110
8/13/2006 3:00,755
8/13/2006 4:00,539
8/13/2006 5:00,388
8/13/2006 6:00,338
8/13/2006 7:00,345
8/13/2006 8:00,458
8/13/2006 9:00,599
8/13/2006 10:00,894
8/13/2006 11:00,1097
8/13/2006 12:00,1070
8/13/2006 13:00,1239
8/13/2006 14:00,1364
8/13/2006 15:00,1501
8/13/2006 16:00,1563
8/13/2006 17:00,1466
8/13/2006 18:00,1367
8/13/2006 19:00,1604
8/13/2006 20:00,1951
8/13/2006 21:00,2141
8/13/2006 22:00,2193
8/13/2006 23:00,2143
8/20/2006 0:00,2472
8/20/2006 1:00,1848
8/20/2006 2:00,1352
8/20/2006 3:00,849
8/20/2006 4:00,477
8/20/2006 5:00,318
8/20/2006 6:00,226
8/20/2006 7:00,223
8/20/2006 8:00,424
8/20/2006 9:00,727
8/20/2006 10:00,863
8/20/2006 11:00,1293
8/20/2006 12:00,1290
8/20/2006 13:00,1441
8/20/2006 14:00,1702
8/20/2006 15:00,1766
8/20/2006 16:00,1776
8/20/2006 17:00,1531
8/20/2006 18:00,1345
8/20/2006 19:00,1708
8/20/2006 20:00,2221
8/20/2006 21:00,2392
8/20/2006 22:00,2378
8/20/2006 23:00,2247
8/27/2006 0:00,2145
8/27/2006 1:00,1657
8/27/2006 2:00,1230
8/27/2006 3:00,831
8/27/2006 4:00,545
8/27/2006 5:00,353
8/27/2006 6:00,258
8/27/2006 7:00,246
8/27/2006 8:00,324
8/27/2006 9:00,578
8/27/2006 10:00,892
8/27/2006 11:00,1202
8/27/2006 12:00,1249
8/27/2006 13:00,1471
8/27/2006 14:00,1623
8/27/2006 15:00,1758
8/27/2006 16:00,1801
8/27/2006 17:00,1801
8/27/2006 18:00,1524
8/27/2006 19:00,1396
8/27/2006 20:00,2029
8/27/2006 21:00,2230
8/27/2006 22:00,2256
8/27/2006 23:00,2231
9/4/2006 0:00,5214
9/4/2006 1:00,4344
9/4/2006 2:00,3358
9/4/2006 3:00,2334
9/4/2006 4:00,1502
9/4/2006 5:00,1070
9/4/2006 6:00,928
9/4/2006 7:00,1016
9/4/2006 8:00,1440
9/4/2006 9:00,2068
9/4/2006 10:00,2796
9/4/2006 11:00,3316
9/4/2006 12:00,3742
9/4/2006 13:00,4506
9/4/2006 14:00,4718
9/4/2006 15:00,4926
9/4/2006 16:00,4988
9/4/2006 17:00,3058
9/4/2006 18:00,3264
9/4/2006 19:00,4328
9/4/2006 20:00,4938
9/4/2006 21:00,5532
9/4/2006 22:00,5914
9/4/2006 23:00,5624
9/7/2006 0:00,2064
9/7/2006 1:00,1622
9/7/2006 2:00,1227
9/7/2006 3:00,766
9/7/2006 4:00,428
9/7/2006 5:00,252
9/7/2006 6:00,301
9/7/2006 7:00,411
9/7/2006 8:00,545
9/7/2006 9:00,823
9/7/2006 10:00,1000
9/7/2006 11:00,1253
9/7/2006 12:00,1301
9/7/2006 13:00,1467
9/7/2006 14:00,1647
9/7/2006 15:00,1796
9/7/2006 16:00,1708
9/7/2006 17:00,1598
9/7/2006 18:00,1452
9/7/2006 19:00,1706
9/7/2006 20:00,2148
9/7/2006 21:00,2398
9/7/2006 22:00,2490
9/7/2006 23:00,2343
9/17/2006 0:00,1847
9/17/2006 1:00,1285
9/17/2006 2:00,1143
9/17/2006 3:00,716
9/17/2006 4:00,485
9/17/2006 5:00,309
9/17/2006 6:00,258
9/17/2006 7:00,331
9/17/2006 8:00,458
9/17/2006 9:00,566
9/17/2006 10:00,886
9/17/2006 11:00,1013
9/17/2006 12:00,1185
9/17/2006 13:00,1442
9/17/2006 14:00,1633
9/17/2006 15:00,1683
9/17/2006 16:00,1757
9/17/2006 17:00,1593
9/17/2006 18:00,1411
9/17/2006 19:00,1608
9/17/2006 20:00,2033
9/17/2006 21:00,2212
9/17/2006 22:00,2256
9/17/2006 23:00,2100
9/24/2006 0:00,2046
9/24/2006 1:00,1579
9/24/2006 2:00,962
9/24/2006 3:00,538
9/24/2006 4:00,357
9/24/2006 5:00,237
9/24/2006 6:00,238
9/24/2006 7:00,247
9/24/2006 8:00,369
9/24/2006 9:00,534
9/24/2006 10:00,793
9/24/2006 11:00,952
9/24/2006 12:00,1049
9/24/2006 13:00,1227
9/24/2006 14:00,1405
9/24/2006 15:00,1454
9/24/2006 16:00,1482
9/24/2006 17:00,1381
9/24/2006 18:00,1246
9/24/2006 19:00,1468
9/24/2006 20:00,1925
9/24/2006 21:00,2030
9/24/2006 22:00,2129
9/24/2006 23:00,1656
10/9/2006 0:00,2113
10/9/2006 1:00,1652
10/9/2006 2:00,1155
10/9/2006 3:00,840
10/9/2006 4:00,548
10/9/2006 5:00,417
10/9/2006 6:00,286
10/9/2006 7:00,307
10/9/2006 8:00,402
10/9/2006 9:00,672
10/9/2006 10:00,928
10/9/2006 11:00,1186
10/9/2006 14:00,1020
10/9/2006 15:00,1602
10/9/2006 16:00,1708
10/9/2006 17:00,1744
10/9/2006 18:00,1570
10/9/2006 19:00,1696
10/9/2006 20:00,2024
10/9/2006 21:00,2316
10/9/2006 22:00,2359
10/9/2006 23:00,2045
10/12/2006 0:00,2881
10/12/2006 1:00,1851
10/12/2006 2:00,1450
10/12/2006 3:00,1020
10/12/2006 4:00,724
10/12/2006 5:00,516
10/12/2006 6:00,348
10/12/2006 7:00,504
10/12/2006 8:00,729
10/12/2006 9:00,1182
10/12/2006 10:00,1692
10/12/2006 11:00,1972
10/12/2006 12:00,2046
10/12/2006 13:00,2306
10/12/2006 14:00,2468
10/12/2006 15:00,2523
10/12/2006 16:00,2495
10/12/2006 17:00,2384
10/12/2006 18:00,2129
10/12/2006 19:00,2620
10/12/2006 20:00,3183
10/12/2006 21:00,3412
10/12/2006 22:00,3401
10/12/2006 23:00,3101
10/15/2006 0:00,1710
10/15/2006 1:00,1543
10/15/2006 2:00,1081
10/15/2006 3:00,735
10/15/2006 4:00,433
10/15/2006 5:00,257
10/15/2006 6:00,203
10/15/2006 7:00,264
10/15/2006 8:00,352
10/15/2006 9:00,509
10/15/2006 10:00,791
10/15/2006 11:00,1038
10/15/2006 12:00,994
10/15/2006 13:00,1229
10/15/2006 14:00,1400
10/15/2006 15:00,1421
10/15/2006 16:00,1371
10/15/2006 17:00,1294
10/15/2006 18:00,1227
10/15/2006 19:00,1422
10/15/2006 20:00,1779
10/15/2006 21:00,1980
10/15/2006 22:00,2037
10/15/2006 23:00,1873
10/22/2006 0:00,1894
10/22/2006 1:00,1468
10/22/2006 2:00,996
10/22/2006 3:00,551
10/22/2006 4:00,423
10/22/2006 5:00,276
10/22/2006 6:00,250
10/22/2006 7:00,267
10/22/2006 8:00,329
10/22/2006 9:00,592
10/22/2006 10:00,856
10/22/2006 11:00,1040
10/22/2006 12:00,1052
10/22/2006 13:00,1233
10/22/2006 14:00,1380
10/22/2006 15:00,1353
10/22/2006 16:00,1331
10/22/2006 17:00,1274
10/22/2006 18:00,1247
10/22/2006 19:00,1462
10/22/2006 20:00,1782
10/22/2006 21:00,1930
10/22/2006 22:00,2020
10/22/2006 23:00,1871
10/29/2006 0:00,1821
10/29/2006 1:00,1445
10/29/2006 2:00,1058
10/29/2006 3:00,750
10/29/2006 4:00,479
10/29/2006 5:00,337
10/29/2006 6:00,244
10/29/2006 7:00,233
10/29/2006 8:00,380
10/29/2006 9:00,537
10/29/2006 10:00,673
10/29/2006 11:00,867
10/29/2006 12:00,926
10/29/2006 13:00,1116
10/29/2006 14:00,1266
10/29/2006 15:00,1317
10/29/2006 16:00,1409
10/29/2006 17:00,1364
10/29/2006 18:00,1149
10/29/2006 19:00,1323
10/29/2006 20:00,1728
10/29/2006 21:00,1932
10/29/2006 22:00,2011
10/29/2006 23:00,1772
11/6/2006 0:00,2377
11/6/2006 1:00,1909
11/6/2006 2:00,1382
11/6/2006 3:00,802
11/6/2006 4:00,485
11/6/2006 5:00,360
11/6/2006 6:00,329
11/6/2006 7:00,401
11/6/2006 8:00,590
11/6/2006 9:00,777
11/6/2006 10:00,1124
11/6/2006 11:00,1316
11/6/2006 12:00,1436
11/6/2006 13:00,1592
11/6/2006 14:00,1779
11/6/2006 15:00,1919
11/6/2006 16:00,1900
11/6/2006 17:00,1920
11/6/2006 18:00,1950
11/6/2006 19:00,1993
11/6/2006 20:00,2225
11/6/2006 21:00,2476
11/6/2006 22:00,2609
11/6/2006 23:00,2349
11/19/2006 0:00,2620
11/19/2006 1:00,1374
11/19/2006 2:00,1548
11/19/2006 3:00,1087
11/19/2006 4:00,599
11/19/2006 5:00,560
11/19/2006 6:00,519
11/19/2006 7:00,603
11/19/2006 8:00,846
11/19/2006 9:00,1181
11/19/2006 10:00,1601
11/19/2006 11:00,1859
11/19/2006 12:00,1986
11/19/2006 13:00,2188
11/19/2006 14:00,2289
11/19/2006 15:00,2419
11/19/2006 16:00,2487
11/19/2006 17:00,2403
11/19/2006 18:00,2260
11/19/2006 19:00,2831
11/19/2006 20:00,3218
11/19/2006 21:00,3459
11/19/2006 22:00,3541
11/19/2006 23:00,3339
11/26/2006 0:00,2969
11/26/2006 1:00,2291
11/26/2006 2:00,1602
11/26/2006 3:00,1003
11/26/2006 4:00,639
11/26/2006 5:00,477
11/26/2006 6:00,376
11/26/2006 7:00,494
11/26/2006 8:00,764
11/26/2006 9:00,1071
11/26/2006 10:00,1490
11/26/2006 11:00,1785
11/26/2006 12:00,1794
11/26/2006 13:00,2046
11/26/2006 14:00,2262
11/26/2006 15:00,2392
11/26/2006 16:00,2390
11/26/2006 17:00,2313
11/26/2006 18:00,2226
11/26/2006 19:00,2760
11/26/2006 20:00,3202
11/26/2006 21:00,3391
11/26/2006 22:00,3538
11/26/2006 23:00,3328
12/2/2006 0:00,6688
12/2/2006 1:00,4932
12/2/2006 2:00,4448
12/2/2006 3:00,3048
12/2/2006 4:00,2048
12/2/2006 5:00,1020
12/2/2006 6:00,1144
12/2/2006 7:00,1036
12/2/2006 8:00,1358
12/2/2006 9:00,2062
12/2/2006 10:00,2608
12/2/2006 11:00,3328
12/2/2006 12:00,3578
12/2/2006 13:00,4292
12/2/2006 14:00,4906
12/2/2006 15:00,4290
12/2/2006 16:00,4260
12/2/2006 17:00,5028
12/2/2006 18:00,4752
12/2/2006 19:00,4966
12/2/2006 20:00,5460
12/2/2006 21:00,6050
12/2/2006 22:00,6182
12/2/2006 23:00,4792
12/3/2006 0:00,5406
12/3/2006 1:00,4740
12/3/2006 2:00,3566
12/3/2006 3:00,2408
12/3/2006 4:00,1780
12/3/2006 5:00,1430
12/3/2006 6:00,1012
12/3/2006 7:00,1028
12/3/2006 8:00,1208
12/3/2006 9:00,1826
12/3/2006 10:00,2702
12/3/2006 11:00,3472
12/3/2006 12:00,1894
12/11/2006 0:00,2797
12/11/2006 1:00,1411
12/11/2006 2:00,1624
12/11/2006 3:00,1140
12/11/2006 4:00,748
12/11/2006 5:00,528
12/11/2006 6:00,420
12/11/2006 7:00,504
12/11/2006 8:00,771
12/11/2006 9:00,1267
12/11/2006 10:00,1694
12/11/2006 11:00,2007
12/11/2006 12:00,1777
12/11/2006 13:00,2359
12/11/2006 14:00,2552
12/11/2006 15:00,2605
12/11/2006 16:00,2564
12/11/2006 17:00,2381
12/11/2006 18:00,2301
12/11/2006 19:00,2737
12/11/2006 20:00,3132
12/11/2006 21:00,3361
12/11/2006 22:00,3386
12/11/2006 23:00,3169
12/17/2006 0:00,2555
12/17/2006 1:00,1832
12/17/2006 2:00,1697
12/17/2006 3:00,1049
12/17/2006 4:00,606
12/17/2006 5:00,412
12/17/2006 6:00,357
12/17/2006 7:00,432
12/17/2006 8:00,669
12/17/2006 9:00,1103
12/17/2006 10:00,1570
12/17/2006 11:00,1879
12/17/2006 12:00,1884
12/17/2006 13:00,2035
12/17/2006 14:00,2224
12/17/2006 15:00,2443
12/17/2006 16:00,2473
12/17/2006 17:00,2316
12/17/2006 18:00,2046
12/17/2006 19:00,2368
12/17/2006 20:00,2901
12/17/2006 21:00,3280
12/17/2006 22:00,3225
12/17/2006 23:00,2989
12/24/2006 0:00,2540
12/24/2006 1:00,1834
12/24/2006 2:00,1055
12/24/2006 3:00,883
12/24/2006 4:00,601
12/24/2006 5:00,468
12/24/2006 6:00,375
12/24/2006 7:00,443
12/24/2006 8:00,701
12/24/2006 9:00,1026
12/24/2006 10:00,779
12/24/2006 11:00,1713
12/24/2006 12:00,1802
12/24/2006 13:00,1958
12/24/2006 14:00,2059
12/24/2006 15:00,2094
12/24/2006 16:00,2074
12/24/2006 17:00,2014
12/24/2006 18:00,1798
12/24/2006 19:00,2205
12/24/2006 20:00,2678
12/24/2006 21:00,3024
12/24/2006 22:00,2995
12/24/2006 23:00,2895
12/31/2006 0:00,2038
12/31/2006 1:00,1862
12/31/2006 2:00,1402
12/31/2006 3:00,815
12/31/2006 4:00,503
12/31/2006 5:00,259
12/31/2006 6:00,291
12/31/2006 7:00,361
12/31/2006 8:00,578
12/31/2006 9:00,706
12/31/2006 10:00,1135
12/31/2006 11:00,1452
12/31/2006 12:00,1673
12/31/2006 13:00,1846
12/31/2006 14:00,2006
12/31/2006 15:00,1934
12/31/2006 16:00,1928
12/31/2006 17:00,1879
12/31/2006 18:00,1782
12/31/2006 19:00,1849
12/31/2006 20:00,2101
12/31/2006 21:00,2188
12/31/2006 22:00,2165
12/31/2006 23:00,2055
1/4/2007 0:00,2695
1/4/2007 1:00,2144
1/4/2007 2:00,1596
1/4/2007 3:00,1050
1/4/2007 4:00,687
1/4/2007 5:00,440
1/4/2007 6:00,446
1/4/2007 7:00,568
1/4/2007 8:00,799
1/4/2007 9:00,1104
1/4/2007 10:00,1462
1/4/2007 11:00,1795
1/4/2007 12:00,1807
1/4/2007 13:00,1983
1/4/2007 14:00,2293
1/4/2007 15:00,2515
1/4/2007 16:00,2414
1/4/2007 17:00,2279
1/4/2007 18:00,2029
1/4/2007 19:00,2168
1/4/2007 20:00,2178
1/4/2007 21:00,3006
1/4/2007 22:00,3101
1/4/2007 23:00,2385
1/7/2007 0:00,3242
1/7/2007 1:00,2726
1/7/2007 2:00,1997
1/7/2007 3:00,1338
1/7/2007 4:00,820
1/7/2007 5:00,505
1/7/2007 6:00,467
1/7/2007 7:00,606
1/7/2007 8:00,974
1/7/2007 9:00,1433
1/7/2007 10:00,1861
1/7/2007 11:00,2024
1/7/2007 12:00,2204
1/7/2007 13:00,2519
1/7/2007 14:00,2827
1/7/2007 15:00,2914
1/7/2007 16:00,2911
1/7/2007 17:00,2826
1/7/2007 18:00,2620
1/7/2007 19:00,2793
1/7/2007 20:00,3296
1/7/2007 21:00,3617
1/7/2007 22:00,3731
1/7/2007 23:00,3518
1/14/2007 0:00,2269
1/14/2007 1:00,2014
1/14/2007 2:00,1420
1/14/2007 3:00,1008
1/14/2007 4:00,539
1/14/2007 5:00,492
1/14/2007 6:00,410
1/14/2007 7:00,422
1/14/2007 8:00,592
1/14/2007 9:00,912
1/14/2007 10:00,1316
1/14/2007 11:00,1569
1/14/2007 12:00,1603
1/14/2007 13:00,1772
1/14/2007 14:00,2013
1/14/2007 15:00,2166
1/14/2007 16:00,2299
1/14/2007 17:00,2162
1/14/2007 18:00,1995
1/14/2007 19:00,1839
1/14/2007 20:00,2587
1/14/2007 21:00,2948
1/14/2007 22:00,3048
1/14/2007 23:00,2820
1/28/2007 0:00,2644
1/28/2007 1:00,1974
1/28/2007 2:00,1367
1/28/2007 3:00,879
1/28/2007 4:00,574
1/28/2007 5:00,401
1/28/2007 6:00,352
1/28/2007 7:00,391
1/28/2007 8:00,605
1/28/2007 9:00,966
1/28/2007 10:00,1327
1/28/2007 11:00,1377
1/28/2007 12:00,1411
1/28/2007 13:00,1659
1/28/2007 14:00,1824
1/28/2007 15:00,1927
1/28/2007 16:00,1581
1/28/2007 17:00,1765
1/28/2007 18:00,1741
1/28/2007 19:00,2122
1/28/2007 20:00,2724
1/28/2007 21:00,3033
1/28/2007 22:00,3179
1/28/2007 23:00,2375
2/9/2007 0:00,3483
2/9/2007 1:00,2847
2/9/2007 2:00,1930
2/9/2007 3:00,1064
2/9/2007 4:00,766
2/9/2007 5:00,459
2/9/2007 6:00,536
2/9/2007 7:00,713
2/9/2007 8:00,1019
2/9/2007 9:00,1327
2/9/2007 10:00,1867
2/9/2007 11:00,2231
2/9/2007 12:00,2483
2/9/2007 13:00,2813
2/9/2007 14:00,3085
2/9/2007 15:00,3139
2/9/2007 16:00,3207
2/9/2007 17:00,3073
2/9/2007 18:00,2654
2/9/2007 19:00,3052
2/9/2007 20:00,3642
2/9/2007 21:00,4102
2/9/2007 22:00,4043
2/9/2007 23:00,3459
2/12/2007 0:00,3458
2/12/2007 1:00,2854
2/12/2007 2:00,1936
2/12/2007 3:00,1209
2/12/2007 4:00,786
2/12/2007 5:00,503
2/12/2007 6:00,457
2/12/2007 7:00,592
2/12/2007 8:00,781
2/12/2007 9:00,1448
2/12/2007 10:00,1707
2/12/2007 11:00,2431
2/12/2007 12:00,2557
2/12/2007 13:00,2787
2/12/2007 14:00,3159
2/12/2007 15:00,3169
2/12/2007 16:00,3154
2/12/2007 17:00,3048
2/12/2007 18:00,2788
2/12/2007 19:00,3042
2/12/2007 20:00,3760
2/12/2007 21:00,4257
2/12/2007 22:00,3563
2/12/2007 23:00,3845
2/18/2007 0:00,1306
2/18/2007 1:00,1323
2/18/2007 2:00,1044
2/18/2007 3:00,748
2/18/2007 4:00,525
2/18/2007 5:00,354
2/18/2007 6:00,298
2/18/2007 7:00,286
2/18/2007 8:00,452
2/18/2007 9:00,628
2/18/2007 10:00,838
2/18/2007 11:00,1076
2/18/2007 12:00,1130
2/18/2007 13:00,1329
2/18/2007 14:00,1398
2/18/2007 15:00,1492
2/18/2007 16:00,1255
2/18/2007 17:00,1447
2/18/2007 18:00,1154
2/18/2007 19:00,1264
2/18/2007 20:00,1415
2/18/2007 21:00,1598
2/18/2007 22:00,1746
2/18/2007 23:00,1732
2/25/2007 0:00,2340
2/25/2007 1:00,2028
2/25/2007 2:00,1592
2/25/2007 3:00,1124
2/25/2007 4:00,739
2/25/2007 5:00,481
2/25/2007 6:00,348
2/25/2007 7:00,261
2/25/2007 8:00,379
2/25/2007 9:00,574
2/25/2007 10:00,850
2/25/2007 11:00,1120
2/25/2007 12:00,1304
2/25/2007 13:00,1616
2/25/2007 14:00,1879
2/25/2007 15:00,2093
2/25/2007 16:00,2031
2/25/2007 17:00,1883
2/25/2007 18:00,1710
2/25/2007 19:00,2064
2/25/2007 20:00,2513
2/25/2007 21:00,2741
2/25/2007 22:00,2871
2/25/2007 23:00,2681
3/6/2007 0:00,3842
3/6/2007 1:00,3158
3/6/2007 2:00,2284
3/6/2007 3:00,1562
3/6/2007 4:00,1007
3/6/2007 5:00,635
3/6/2007 6:00,603
3/6/2007 7:00,741
3/6/2007 8:00,1210
3/6/2007 9:00,1694
3/6/2007 10:00,2216
3/6/2007 11:00,2513
3/6/2007 12:00,2594
3/6/2007 13:00,2774
3/6/2007 14:00,3027
3/6/2007 15:00,3325
3/6/2007 16:00,3415
3/6/2007 17:00,3060
3/6/2007 18:00,2802
3/6/2007 19:00,3130
3/6/2007 20:00,3791
3/6/2007 21:00,4231
3/6/2007 22:00,4265
3/6/2007 23:00,4095
3/18/2007 0:00,2098
3/18/2007 1:00,1677
3/18/2007 2:00,1325
3/18/2007 3:00,612
3/18/2007 4:00,451
3/18/2007 5:00,351
3/18/2007 6:00,291
3/18/2007 7:00,298
3/18/2007 8:00,452
3/18/2007 9:00,641
3/18/2007 10:00,1099
3/18/2007 11:00,1106
3/18/2007 12:00,1455
3/18/2007 13:00,1654
3/18/2007 14:00,1781
3/18/2007 15:00,1833
3/18/2007 16:00,1917
3/18/2007 17:00,1809
3/18/2007 18:00,1757
3/18/2007 19:00,2144
3/18/2007 20:00,2684
3/18/2007 21:00,2162
3/18/2007 22:00,953
3/18/2007 23:00,2596
3/25/2007 0:00,2114
3/25/2007 1:00,1732
3/25/2007 2:00,1474
3/25/2007 3:00,1092
3/25/2007 4:00,714
3/25/2007 5:00,471
3/25/2007 6:00,392
3/25/2007 7:00,556
3/25/2007 8:00,869
3/25/2007 9:00,1260
3/25/2007 10:00,1557
3/25/2007 11:00,1920
3/25/2007 12:00,2015
3/25/2007 13:00,1740
3/25/2007 14:00,1967
3/25/2007 15:00,2514
3/25/2007 16:00,2154
3/25/2007 17:00,2527
3/25/2007 18:00,2344
3/25/2007 19:00,2450
3/25/2007 20:00,2886
3/25/2007 21:00,2944
3/25/2007 22:00,2865
3/25/2007 23:00,3019
4/2/2007 0:00,2829
4/2/2007 1:00,2117
4/2/2007 2:00,1374
4/2/2007 3:00,888
4/2/2007 4:00,624
4/2/2007 5:00,427
4/2/2007 6:00,329
4/2/2007 7:00,355
4/2/2007 8:00,473
4/2/2007 9:00,777
4/2/2007 10:00,1110
4/2/2007 11:00,1354
4/2/2007 12:00,1546
4/2/2007 13:00,1691
4/2/2007 14:00,1809
4/2/2007 15:00,1636
4/2/2007 16:00,2081
4/2/2007 17:00,1979
4/2/2007 18:00,1717
4/2/2007 19:00,1997
4/2/2007 20:00,2568
4/2/2007 21:00,2848
4/2/2007 22:00,3007
4/2/2007 23:00,2843
4/3/2007 0:00,2066
4/3/2007 1:00,2165
4/3/2007 2:00,1561
4/3/2007 3:00,1045
4/3/2007 4:00,611
4/3/2007 5:00,402
4/3/2007 6:00,292
4/3/2007 7:00,272
4/3/2007 8:00,482
4/3/2007 9:00,803
4/3/2007 10:00,1065
4/3/2007 11:00,1143
4/3/2007 12:00,1561
4/3/2007 13:00,1867
4/3/2007 14:00,2179
4/3/2007 15:00,2368
4/3/2007 16:00,2334
4/3/2007 17:00,1794
4/3/2007 18:00,1763
4/3/2007 19:00,1897
4/3/2007 20:00,2418
4/3/2007 21:00,2776
4/3/2007 22:00,2944
4/3/2007 23:00,2787
4/11/2007 0:00,3439
4/11/2007 1:00,2267
4/11/2007 2:00,1785
4/11/2007 3:00,1208
4/11/2007 4:00,785
4/11/2007 5:00,599
4/11/2007 6:00,508
4/11/2007 7:00,650
4/11/2007 8:00,910
4/11/2007 9:00,1385
4/11/2007 10:00,1787
4/11/2007 11:00,2146
4/11/2007 12:00,2162
4/11/2007 13:00,2501
4/11/2007 14:00,2776
4/11/2007 15:00,2833
4/11/2007 16:00,2897
4/11/2007 17:00,2778
4/11/2007 18:00,2451
4/11/2007 19:00,2857
4/11/2007 20:00,3616
4/11/2007 21:00,4015
4/11/2007 22:00,3473
4/11/2007 23:00,3624
4/15/2007 0:00,3750
4/15/2007 1:00,3300
4/15/2007 2:00,2657
4/15/2007 3:00,1977
4/15/2007 4:00,1375
4/15/2007 5:00,1056
4/15/2007 6:00,925
4/15/2007 7:00,1029
4/15/2007 8:00,1442
4/15/2007 9:00,1663
4/15/2007 10:00,2620
4/15/2007 11:00,2914
4/15/2007 12:00,3135
4/15/2007 13:00,3165
4/15/2007 14:00,3441
4/15/2007 15:00,2760
4/15/2007 16:00,3467
4/15/2007 17:00,3394
4/15/2007 18:00,3350
4/15/2007 19:00,3407
4/15/2007 20:00,3728
4/15/2007 21:00,3202
4/15/2007 22:00,3926
4/15/2007 23:00,3921
4/22/2007 0:00,4106
4/22/2007 1:00,3313
4/22/2007 2:00,2482
4/22/2007 3:00,1719
4/22/2007 4:00,1189
4/22/2007 5:00,890
4/22/2007 6:00,868
4/22/2007 7:00,1011
4/22/2007 8:00,1418
4/22/2007 9:00,1991
4/22/2007 10:00,2658
4/22/2007 11:00,3182
4/22/2007 12:00,3266
4/22/2007 13:00,3466
4/22/2007 14:00,3662
4/22/2007 15:00,3777
4/22/2007 16:00,3721
4/22/2007 17:00,3618
4/22/2007 18:00,3241
4/22/2007 19:00,3382
4/22/2007 20:00,3747
4/22/2007 21:00,4182
4/22/2007 22:00,4403
4/22/2007 23:00,4073
4/29/2007 0:00,3958
4/29/2007 1:00,3185
4/29/2007 2:00,2492
4/29/2007 3:00,1805
4/29/2007 4:00,1243
4/29/2007 5:00,782
4/29/2007 6:00,671
4/29/2007 7:00,879
4/29/2007 8:00,1287
4/29/2007 9:00,1850
4/29/2007 10:00,2077
4/29/2007 11:00,3020
4/29/2007 12:00,2959
4/29/2007 13:00,2984
4/29/2007 14:00,3139
4/29/2007 15:00,3321
4/29/2007 16:00,3383
4/29/2007 17:00,3327
4/29/2007 18:00,3167
4/29/2007 19:00,3157
4/29/2007 20:00,3604
4/29/2007 21:00,3877
4/29/2007 22:00,3976
4/29/2007 23:00,3771
5/8/2007 0:00,3492
5/8/2007 1:00,2889
5/8/2007 2:00,1996
5/8/2007 3:00,1309
5/8/2007 4:00,773
5/8/2007 5:00,542
5/8/2007 6:00,494
5/8/2007 7:00,627
5/8/2007 8:00,938
5/8/2007 9:00,1533
5/8/2007 10:00,1997
5/8/2007 11:00,2351
5/8/2007 12:00,2416
5/8/2007 13:00,2790
5/8/2007 14:00,3082
5/8/2007 15:00,3258
5/8/2007 16:00,3187
5/8/2007 17:00,2936
5/8/2007 18:00,2627
5/8/2007 19:00,2734
5/8/2007 20:00,3485
5/8/2007 21:00,4037
5/8/2007 22:00,4115
5/8/2007 23:00,3753
5/13/2007 0:00,3382
5/13/2007 1:00,2871
5/13/2007 2:00,2343
5/13/2007 3:00,1763
5/13/2007 4:00,1155
5/13/2007 5:00,754
5/13/2007 6:00,718
5/13/2007 7:00,716
5/13/2007 8:00,1177
5/13/2007 9:00,1687
5/13/2007 10:00,2359
5/13/2007 11:00,2607
5/13/2007 12:00,2598
5/13/2007 13:00,2370
5/13/2007 14:00,3040
5/13/2007 15:00,3131
5/13/2007 16:00,3154
5/13/2007 17:00,2573
5/13/2007 18:00,2854
5/13/2007 19:00,2792
5/13/2007 20:00,3118
5/13/2007 21:00,3402
5/13/2007 22:00,2866
5/13/2007 23:00,3199
5/20/2007 0:00,3039
5/20/2007 1:00,1840
5/20/2007 2:00,1564
5/20/2007 3:00,1707
5/20/2007 4:00,1146
5/20/2007 5:00,778
5/20/2007 6:00,695
5/20/2007 7:00,811
5/20/2007 8:00,1235
5/20/2007 9:00,1766
5/20/2007 10:00,2367
5/20/2007 11:00,941
5/20/2007 13:00,2467
5/20/2007 14:00,3045
5/20/2007 15:00,3354
5/20/2007 16:00,3248
5/20/2007 17:00,3074
5/20/2007 18:00,2878
5/20/2007 19:00,2924
5/20/2007 20:00,3129
5/20/2007 21:00,3253
5/20/2007 22:00,3323
5/20/2007 23:00,3327
6/5/2007 0:00,3823
6/5/2007 1:00,3289
6/5/2007 2:00,2548
6/5/2007 3:00,1915
6/5/2007 4:00,1261
6/5/2007 5:00,885
6/5/2007 6:00,695
6/5/2007 7:00,862
6/5/2007 8:00,1270
6/5/2007 9:00,1864
6/5/2007 10:00,2407
6/5/2007 11:00,2631
6/5/2007 12:00,2713
6/5/2007 13:00,2947
6/5/2007 14:00,3269
6/5/2007 15:00,3323
6/5/2007 16:00,3308
6/5/2007 17:00,3187
6/5/2007 18:00,2497
6/5/2007 19:00,2998
6/5/2007 20:00,3162
6/5/2007 21:00,3532
6/5/2007 22:00,3674
6/5/2007 23:00,3513
6/17/2007 0:00,3383
6/17/2007 1:00,2701
6/17/2007 2:00,2141
6/17/2007 3:00,1513
6/17/2007 4:00,998
6/17/2007 5:00,658
6/17/2007 6:00,515
6/17/2007 7:00,604
6/17/2007 8:00,957
6/17/2007 9:00,1238
6/17/2007 10:00,2003
6/17/2007 11:00,2263
6/17/2007 12:00,2383
6/17/2007 13:00,2524
6/17/2007 14:00,2713
6/17/2007 15:00,2854
6/17/2007 16:00,2893
6/17/2007 17:00,2904
6/17/2007 18:00,2641
6/17/2007 19:00,2804
6/17/2007 20:00,3187
6/17/2007 21:00,3770
6/17/2007 22:00,2963
6/17/2007 23:00,3624
6/24/2007 0:00,3559
6/24/2007 1:00,2881
6/24/2007 2:00,2168
6/24/2007 3:00,1585
6/24/2007 4:00,959
6/24/2007 5:00,619
6/24/2007 6:00,605
6/24/2007 7:00,761
6/24/2007 8:00,1145
6/24/2007 9:00,1641
6/24/2007 10:00,2021
6/24/2007 11:00,2243
6/24/2007 12:00,2382
6/24/2007 13:00,2615
6/24/2007 14:00,2754
6/24/2007 15:00,2911
6/24/2007 16:00,2978
6/24/2007 17:00,2885
6/24/2007 18:00,2683
6/24/2007 19:00,2877
6/24/2007 20:00,3473
6/24/2007 21:00,3824
6/24/2007 22:00,4014
6/24/2007 23:00,3877
7/1/2007 0:00,2548
7/1/2007 1:00,1905
7/1/2007 2:00,1293
7/1/2007 3:00,863
7/1/2007 4:00,610
7/1/2007 5:00,378
7/1/2007 6:00,238
7/1/2007 7:00,279
7/1/2007 8:00,403
7/1/2007 9:00,787
7/1/2007 10:00,1192
7/1/2007 11:00,1521
7/1/2007 12:00,1606
7/1/2007 13:00,1743
7/1/2007 14:00,1970
7/1/2007 15:00,2044
7/1/2007 16:00,2189
7/1/2007 17:00,2203
7/1/2007 18:00,1902
7/1/2007 19:00,2304
7/1/2007 20:00,2826
7/1/2007 21:00,3046
7/1/2007 22:00,3131
7/1/2007 23:00,2819
7/10/2007 0:00,3660
7/10/2007 1:00,2923
7/10/2007 2:00,2136
7/10/2007 3:00,1445
7/10/2007 4:00,993
7/10/2007 5:00,711
7/10/2007 6:00,628
7/10/2007 7:00,655
7/10/2007 8:00,943
7/10/2007 9:00,1439
7/10/2007 10:00,2126
7/10/2007 11:00,2606
7/10/2007 12:00,2479
7/10/2007 13:00,2904
7/10/2007 14:00,3114
7/10/2007 15:00,3293
7/10/2007 16:00,3259
7/10/2007 17:00,3120
7/10/2007 18:00,2639
7/10/2007 19:00,3026
7/10/2007 20:00,3589
7/10/2007 21:00,3991
7/10/2007 22:00,3236
7/10/2007 23:00,2626
7/15/2007 0:00,3404
7/15/2007 1:00,2636
7/15/2007 2:00,1708
7/15/2007 3:00,1142
7/15/2007 4:00,840
7/15/2007 5:00,593
7/15/2007 6:00,488
7/15/2007 7:00,637
7/15/2007 8:00,940
7/15/2007 9:00,1333
7/15/2007 10:00,1891
7/15/2007 11:00,2154
7/15/2007 12:00,2115
7/15/2007 13:00,2352
7/15/2007 14:00,2727
7/15/2007 15:00,2959
7/15/2007 16:00,2927
7/15/2007 17:00,2713
7/15/2007 18:00,2309
7/15/2007 19:00,2693
7/15/2007 20:00,3260
7/15/2007 21:00,3657
7/15/2007 22:00,3627
7/15/2007 23:00,3490
7/22/2007 0:00,3466
7/22/2007 1:00,2857
7/22/2007 2:00,1926
7/22/2007 3:00,1398
7/22/2007 4:00,861
7/22/2007 5:00,537
7/22/2007 6:00,438
7/22/2007 7:00,557
7/22/2007 8:00,834
7/22/2007 9:00,1263
7/22/2007 10:00,1789
7/22/2007 11:00,2145
7/22/2007 12:00,2230
7/22/2007 13:00,2345
7/22/2007 14:00,2707
7/22/2007 15:00,2965
7/22/2007 16:00,2977
7/22/2007 17:00,2254
7/22/2007 18:00,2454
7/22/2007 19:00,2695
7/22/2007 20:00,3475
7/22/2007 21:00,3797
7/22/2007 22:00,3201
7/22/2007 23:00,3102
7/29/2007 0:00,3398
7/29/2007 1:00,2152
7/29/2007 2:00,1855
7/29/2007 3:00,1290
7/29/2007 4:00,857
7/29/2007 5:00,558
7/29/2007 6:00,516
7/29/2007 7:00,678
7/29/2007 8:00,1030
7/29/2007 9:00,1242
7/29/2007 10:00,2132
7/29/2007 11:00,2420
7/29/2007 12:00,2381
7/29/2007 13:00,2633
7/29/2007 14:00,2859
7/29/2007 15:00,2895
7/29/2007 16:00,2707
7/29/2007 17:00,2545
7/29/2007 18:00,2394
7/29/2007 19:00,2717
7/29/2007 20:00,3363
7/29/2007 21:00,3124
7/29/2007 22:00,3817
7/29/2007 23:00,3532
8/4/2007 0:00,3853
8/4/2007 1:00,3433
8/4/2007 2:00,2400
8/4/2007 3:00,2204
8/4/2007 4:00,1442
8/4/2007 6:00,759
8/4/2007 7:00,1084
8/4/2007 8:00,1378
8/4/2007 9:00,1938
8/4/2007 10:00,2450
8/4/2007 11:00,2816
8/4/2007 12:00,3001
8/4/2007 13:00,3319
8/4/2007 14:00,3431
8/4/2007 15:00,3621
8/4/2007 16:00,3603
8/4/2007 17:00,3500
8/4/2007 18:00,3364
8/4/2007 19:00,3370
8/4/2007 20:00,3561
8/4/2007 21:00,3817
8/4/2007 22:00,3990
8/4/2007 23:00,3843
8/7/2007 0:00,3262
8/7/2007 1:00,2532
8/7/2007 2:00,1828
8/7/2007 3:00,1249
8/7/2007 4:00,842
8/7/2007 5:00,531
8/7/2007 6:00,464
8/7/2007 7:00,667
8/7/2007 8:00,995
8/7/2007 9:00,1442
8/7/2007 10:00,1987
8/7/2007 11:00,2211
8/7/2007 12:00,2209
8/7/2007 13:00,2365
8/7/2007 14:00,2630
8/7/2007 15:00,2758
8/7/2007 16:00,2858
8/7/2007 17:00,2677
8/7/2007 18:00,2292
8/7/2007 19:00,2666
8/7/2007 20:00,3209
8/7/2007 21:00,3680
8/7/2007 22:00,3724
8/7/2007 23:00,3475
8/19/2007 0:00,4042
8/19/2007 1:00,3218
8/19/2007 2:00,2447
8/19/2007 3:00,1803
8/19/2007 4:00,1214
8/19/2007 5:00,665
8/19/2007 6:00,695
8/19/2007 7:00,749
8/19/2007 8:00,1052
8/19/2007 9:00,1328
8/19/2007 10:00,1620
8/19/2007 11:00,1954
8/19/2007 12:00,2836
8/19/2007 13:00,3135
8/19/2007 14:00,1729
8/19/2007 15:00,2892
8/26/2007 0:00,3752
8/26/2007 1:00,2985
8/26/2007 2:00,2110
8/26/2007 3:00,1182
8/26/2007 4:00,835
8/26/2007 5:00,639
8/26/2007 6:00,610
8/26/2007 7:00,730
8/26/2007 8:00,999
8/26/2007 9:00,1496
8/26/2007 10:00,1994
8/26/2007 11:00,2030
8/26/2007 12:00,1950
8/26/2007 13:00,2657
8/26/2007 14:00,2280
8/26/2007 15:00,2911
8/26/2007 16:00,2607
8/26/2007 17:00,3040
8/26/2007 18:00,2395
8/26/2007 19:00,3187
8/26/2007 20:00,3890
8/26/2007 21:00,4252
8/26/2007 22:00,4416
8/26/2007 23:00,4036
9/9/2007 0:00,3173
9/9/2007 1:00,2406
9/9/2007 2:00,1825
9/9/2007 3:00,1278
9/9/2007 4:00,840
9/9/2007 5:00,529
9/9/2007 6:00,507
9/9/2007 7:00,618
9/9/2007 8:00,943
9/9/2007 9:00,1537
9/9/2007 10:00,2037
9/9/2007 11:00,1965
9/9/2007 15:00,1868
9/9/2007 16:00,2804
9/9/2007 17:00,2634
9/9/2007 18:00,2441
9/9/2007 19:00,2821
9/9/2007 20:00,3365
9/9/2007 21:00,3705
9/9/2007 22:00,3151
9/9/2007 23:00,3412
9/12/2007 0:00,3371
9/12/2007 1:00,2740
9/12/2007 2:00,1913
9/12/2007 3:00,1248
9/12/2007 4:00,888
9/12/2007 5:00,569
9/12/2007 6:00,512
9/12/2007 7:00,709
9/12/2007 8:00,777
9/12/2007 9:00,1430
9/12/2007 10:00,1923
9/12/2007 11:00,2274
9/12/2007 12:00,1191
9/12/2007 13:00,2187
9/12/2007 14:00,2909
9/12/2007 15:00,3040
9/12/2007 16:00,3102
9/12/2007 17:00,2962
9/12/2007 18:00,2667
9/12/2007 19:00,3188
9/12/2007 20:00,3885
9/12/2007 21:00,4213
9/12/2007 22:00,4316
9/12/2007 23:00,3961
9/16/2007 0:00,2088
9/16/2007 1:00,2678
9/16/2007 2:00,1972
9/16/2007 3:00,1297
9/16/2007 4:00,892
9/16/2007 5:00,666
9/16/2007 6:00,605
9/16/2007 7:00,680
9/16/2007 8:00,903
9/16/2007 9:00,1327
9/16/2007 10:00,1910
9/16/2007 11:00,2228
9/16/2007 12:00,2245
9/16/2007 13:00,2418
9/16/2007 14:00,2604
9/16/2007 15:00,2705
9/16/2007 16:00,2729
9/16/2007 17:00,2648
9/16/2007 18:00,2285
9/16/2007 19:00,2635
9/16/2007 20:00,3284
9/16/2007 21:00,3573
9/16/2007 22:00,3708
9/16/2007 23:00,2812
9/23/2007 0:00,2823
9/23/2007 1:00,2429
9/23/2007 2:00,1497
9/23/2007 3:00,1222
9/23/2007 4:00,779
9/23/2007 5:00,617
9/23/2007 6:00,511
9/23/2007 7:00,677
9/23/2007 8:00,900
9/23/2007 9:00,1399
9/23/2007 10:00,1743
9/23/2007 11:00,1941
9/23/2007 12:00,2009
9/23/2007 13:00,2138
9/23/2007 14:00,2378
9/23/2007 15:00,2412
9/23/2007 16:00,2396
9/23/2007 17:00,2244
9/23/2007 18:00,2020
9/23/2007 19:00,2131
9/23/2007 20:00,2681
9/23/2007 21:00,3081
9/23/2007 22:00,3242
9/23/2007 23:00,3102
9/30/2007 0:00,3527
9/30/2007 1:00,2843
9/30/2007 2:00,2023
9/30/2007 3:00,1469
9/30/2007 4:00,918
9/30/2007 5:00,660
9/30/2007 6:00,620
9/30/2007 7:00,738
9/30/2007 8:00,955
9/30/2007 9:00,1422
9/30/2007 10:00,1543
9/30/2007 11:00,2263
9/30/2007 12:00,2377
9/30/2007 13:00,2559
9/30/2007 14:00,2740
9/30/2007 15:00,2890
9/30/2007 16:00,2911
9/30/2007 17:00,2761
9/30/2007 18:00,2538
9/30/2007 19:00,2373
9/30/2007 20:00,3443
9/30/2007 21:00,3841
9/30/2007 22:00,3999
9/30/2007 23:00,2887
10/6/2007 0:00,3804
10/6/2007 1:00,2933
10/6/2007 2:00,2273
10/6/2007 3:00,1321
10/6/2007 4:00,9
10/6/2007 5:00,262
10/6/2007 6:00,489
10/6/2007 7:00,681
10/6/2007 8:00,816
10/6/2007 9:00,1261
10/6/2007 10:00,1757
10/6/2007 11:00,2524
10/6/2007 12:00,2803
10/6/2007 13:00,3072
10/6/2007 14:00,3423
10/6/2007 15:00,3638
10/6/2007 16:00,3736
10/6/2007 17:00,3639
10/6/2007 18:00,3282
10/6/2007 19:00,3392
10/6/2007 20:00,3989
10/6/2007 21:00,4170
10/6/2007 22:00,4345
10/6/2007 23:00,3942
10/14/2007 0:00,3221
10/14/2007 1:00,2778
10/14/2007 2:00,1615
10/14/2007 3:00,1348
10/14/2007 4:00,869
10/14/2007 5:00,576
10/14/2007 6:00,477
10/14/2007 7:00,556
10/14/2007 8:00,861
10/14/2007 9:00,1421
10/14/2007 10:00,1861
10/14/2007 11:00,1732
10/14/2007 12:00,2233
10/14/2007 13:00,2456
10/14/2007 14:00,2837
10/14/2007 15:00,2874
10/14/2007 16:00,2868
10/14/2007 17:00,2764
10/14/2007 18:00,2188
10/14/2007 19:00,2842
10/14/2007 20:00,3435
10/14/2007 21:00,3708
10/14/2007 22:00,3810
10/14/2007 23:00,3523
10/21/2007 0:00,3552
10/21/2007 1:00,2865
10/21/2007 2:00,1994
10/21/2007 3:00,1215
10/21/2007 4:00,876
10/21/2007 5:00,673
10/21/2007 6:00,550
10/21/2007 7:00,572
10/21/2007 8:00,909
10/21/2007 9:00,1536
10/21/2007 10:00,2089
10/21/2007 11:00,2424
10/21/2007 12:00,1933
10/21/2007 13:00,2639
10/21/2007 14:00,2974
10/21/2007 15:00,3071
10/21/2007 16:00,2549
10/21/2007 17:00,2965
10/21/2007 18:00,2570
10/21/2007 19:00,2906
10/21/2007 20:00,3698
10/21/2007 21:00,4165
10/21/2007 22:00,3533
10/21/2007 23:00,3938
10/28/2007 0:00,3519
10/28/2007 1:00,2828
10/28/2007 2:00,1858
10/28/2007 3:00,1155
10/28/2007 4:00,696
10/28/2007 5:00,524
10/28/2007 6:00,499
10/28/2007 7:00,638
10/28/2007 8:00,899
10/28/2007 9:00,1469
10/28/2007 10:00,2059
10/28/2007 11:00,2334
10/28/2007 12:00,2436
10/28/2007 13:00,2263
10/28/2007 14:00,2953
10/28/2007 15:00,3027
10/28/2007 16:00,3003
10/28/2007 17:00,2673
10/28/2007 18:00,2412
10/28/2007 19:00,2868
10/28/2007 20:00,3552
10/28/2007 21:00,3928
10/28/2007 22:00,4024
10/28/2007 23:00,3669
11/2/2007 0:00,2675
11/2/2007 1:00,2016
11/2/2007 2:00,1268
11/2/2007 3:00,649
11/2/2007 4:00,532
11/2/2007 5:00,387
11/2/2007 6:00,284
11/2/2007 7:00,335
11/2/2007 8:00,566
11/2/2007 9:00,827
11/2/2007 10:00,1139
11/2/2007 11:00,1311
11/2/2007 12:00,1419
11/2/2007 13:00,1541
11/2/2007 14:00,1794
11/2/2007 15:00,1957
11/2/2007 16:00,2030
11/2/2007 17:00,2114
11/2/2007 18:00,1726
11/2/2007 19:00,2009
11/2/2007 20:00,2507
11/2/2007 21:00,2770
11/2/2007 22:00,2490
11/2/2007 23:00,2872
11/3/2007 0:00,2611
11/3/2007 1:00,2043
11/3/2007 2:00,1486
11/3/2007 3:00,1033
11/3/2007 4:00,708
11/3/2007 5:00,477
11/3/2007 6:00,361
11/3/2007 7:00,413
11/3/2007 11:00,1165
11/3/2007 12:00,1477
11/3/2007 13:00,1766
11/3/2007 14:00,2030
11/3/2007 15:00,2110
11/3/2007 16:00,2081
11/3/2007 17:00,1912
11/3/2007 18:00,1667
11/3/2007 19:00,2021
11/3/2007 20:00,2563
11/3/2007 21:00,2857
11/3/2007 22:00,3022
11/3/2007 23:00,2795
11/11/2007 0:00,3391
11/11/2007 1:00,2663
11/11/2007 2:00,1895
11/11/2007 3:00,1186
11/11/2007 4:00,745
11/11/2007 5:00,542
11/11/2007 6:00,495
11/11/2007 7:00,605
11/11/2007 8:00,857
11/11/2007 9:00,1361
11/11/2007 10:00,2004
11/11/2007 11:00,2379
11/11/2007 12:00,2412
11/11/2007 13:00,2548
11/11/2007 14:00,2813
11/11/2007 15:00,2395
11/11/2007 16:00,2945
11/11/2007 17:00,2680
11/11/2007 18:00,2411
11/11/2007 19:00,2796
11/11/2007 20:00,3537
11/11/2007 21:00,3971
11/11/2007 22:00,4134
11/11/2007 23:00,3689
11/18/2007 0:00,3470
11/18/2007 1:00,3010
11/18/2007 2:00,2120
11/18/2007 3:00,1493
11/18/2007 4:00,965
11/18/2007 5:00,676
11/18/2007 6:00,550
11/18/2007 7:00,671
11/18/2007 8:00,1013
11/18/2007 9:00,1535
11/18/2007 10:00,2106
11/18/2007 11:00,2369
11/18/2007 12:00,2432
11/18/2007 13:00,2845
11/18/2007 14:00,3144
11/18/2007 15:00,3265
11/18/2007 16:00,3148
11/18/2007 17:00,2982
11/18/2007 18:00,2780
11/18/2007 19:00,3111
11/18/2007 20:00,3092
11/18/2007 21:00,4162
11/18/2007 22:00,4138
11/18/2007 23:00,3723
11/25/2007 9:00,588
11/25/2007 10:00,2101
11/25/2007 11:00,2338
11/25/2007 12:00,2364
11/25/2007 13:00,2666
11/25/2007 14:00,2535
11/25/2007 15:00,3119
11/25/2007 16:00,3197
11/25/2007 17:00,2928
11/25/2007 18:00,2601
11/25/2007 19:00,2595
11/25/2007 20:00,3084
11/25/2007 21:00,3957
11/25/2007 22:00,3862
11/25/2007 23:00,3569
12/8/2007 0:00,3658
12/8/2007 1:00,2920
12/8/2007 2:00,1752
12/8/2007 3:00,1278
12/8/2007 4:00,854
12/8/2007 5:00,587
12/8/2007 6:00,574
12/8/2007 7:00,681
12/8/2007 8:00,1016
12/8/2007 9:00,1500
12/8/2007 10:00,2111
12/8/2007 11:00,2543
12/8/2007 12:00,2671
12/8/2007 13:00,2912
12/8/2007 14:00,3125
12/8/2007 15:00,3353
12/8/2007 16:00,3435
12/8/2007 17:00,3144
12/8/2007 18:00,2777
12/8/2007 19:00,3123
12/8/2007 20:00,3847
12/8/2007 21:00,4125
12/8/2007 22:00,4297
12/8/2007 23:00,3941
12/16/2007 0:00,3349
12/16/2007 1:00,2625
12/16/2007 2:00,1867
12/16/2007 3:00,1332
12/16/2007 4:00,753
12/16/2007 5:00,599
12/16/2007 6:00,440
12/16/2007 7:00,567
12/16/2007 8:00,783
12/16/2007 9:00,1350
12/16/2007 10:00,1980
12/16/2007 11:00,2365
12/16/2007 12:00,2247
12/16/2007 13:00,2153
12/16/2007 14:00,3001
12/16/2007 15:00,3144
12/16/2007 16:00,3048
12/16/2007 17:00,2829
12/16/2007 18:00,2521
12/16/2007 19:00,2903
12/16/2007 20:00,3687
12/16/2007 21:00,3895
12/16/2007 22:00,3378
12/16/2007 23:00,3706
12/23/2007 0:00,2877
12/23/2007 1:00,2662
12/23/2007 2:00,1846
12/23/2007 3:00,1172
12/23/2007 4:00,880
12/23/2007 5:00,620
12/23/2007 6:00,492
12/23/2007 7:00,558
12/23/2007 8:00,905
12/23/2007 9:00,1477
12/23/2007 10:00,1972
12/23/2007 11:00,2431
12/23/2007 12:00,2529
12/23/2007 13:00,2744
12/23/2007 14:00,3045
12/23/2007 15:00,3175
12/23/2007 16:00,3115
12/23/2007 17:00,3020
12/23/2007 18:00,2715
12/23/2007 19:00,3165
12/23/2007 20:00,3806
12/23/2007 21:00,4113
12/23/2007 22:00,4220
12/23/2007 23:00,3861
12/30/2007 0:00,3739
12/30/2007 1:00,2883
12/30/2007 2:00,2085
12/30/2007 3:00,1442
12/30/2007 4:00,873
12/30/2007 5:00,584
12/30/2007 6:00,527
12/30/2007 7:00,566
12/30/2007 8:00,698
12/30/2007 9:00,1302
12/30/2007 10:00,1850
12/30/2007 11:00,2211
12/30/2007 12:00,2351
12/30/2007 13:00,2677
12/30/2007 14:00,2936
12/30/2007 15:00,3066
12/30/2007 16:00,2971
12/30/2007 17:00,2806
12/30/2007 18:00,2541
12/30/2007 19:00,2906
12/30/2007 20:00,3722
12/30/2007 21:00,4087
12/30/2007 22:00,4236
12/30/2007 23:00,3978
1/6/2008 0:00,2818
1/6/2008 1:00,1900
1/6/2008 2:00,1280
1/6/2008 3:00,878
1/6/2008 4:00,565
1/6/2008 5:00,322
1/6/2008 6:00,316
1/6/2008 7:00,510
1/6/2008 8:00,810
1/6/2008 9:00,1251
1/6/2008 10:00,1987
1/6/2008 11:00,1947
1/6/2008 12:00,1975
1/6/2008 13:00,2210
1/6/2008 14:00,2429
1/6/2008 15:00,2391
1/6/2008 16:00,2380
1/6/2008 17:00,2238
1/6/2008 18:00,2002
1/6/2008 19:00,1856
1/6/2008 20:00,2995
1/6/2008 21:00,3456
1/6/2008 22:00,2865
1/6/2008 23:00,2924
1/13/2008 0:00,3387
1/13/2008 1:00,2590
1/13/2008 2:00,1738
1/13/2008 3:00,1151
1/13/2008 4:00,785
1/13/2008 5:00,544
1/13/2008 6:00,469
1/13/2008 7:00,490
1/13/2008 8:00,830
1/13/2008 9:00,1389
1/13/2008 10:00,1978
1/13/2008 11:00,2293
1/13/2008 12:00,2358
1/13/2008 13:00,2779
1/13/2008 14:00,2979
1/13/2008 15:00,2630
1/13/2008 16:00,951
1/13/2008 17:00,3079
1/13/2008 18:00,2886
1/13/2008 19:00,3239
1/13/2008 20:00,3712
1/13/2008 21:00,3987
1/13/2008 22:00,4101
1/13/2008 23:00,3626
1/20/2008 0:00,3622
1/20/2008 1:00,2741
1/20/2008 2:00,1669
1/20/2008 3:00,1289
1/20/2008 4:00,949
1/20/2008 5:00,703
1/20/2008 6:00,581
1/20/2008 7:00,560
1/20/2008 8:00,934
1/20/2008 9:00,1408
1/20/2008 10:00,1856
1/20/2008 11:00,2038
1/20/2008 12:00,2127
1/20/2008 13:00,2565
1/20/2008 14:00,2760
1/20/2008 15:00,2883
1/20/2008 16:00,2814
1/20/2008 17:00,2834
1/20/2008 18:00,2650
1/20/2008 19:00,3100
1/20/2008 20:00,3759
1/20/2008 21:00,4235
1/20/2008 22:00,4323
1/20/2008 23:00,3990
1/27/2008 0:00,3792
1/27/2008 1:00,2956
1/27/2008 2:00,2154
1/27/2008 3:00,1472
1/27/2008 4:00,956
1/27/2008 5:00,397
1/27/2008 6:00,471
1/27/2008 7:00,426
1/27/2008 8:00,815
1/27/2008 9:00,1243
1/27/2008 10:00,1860
1/27/2008 11:00,2200
1/27/2008 12:00,2335
1/27/2008 13:00,2596
1/27/2008 14:00,2328
1/27/2008 15:00,2994
1/27/2008 16:00,3062
1/27/2008 17:00,3089
1/27/2008 18:00,2830
1/27/2008 19:00,3049
1/27/2008 20:00,3062
1/27/2008 21:00,4046
1/27/2008 22:00,3977
1/27/2008 23:00,3658
2/3/2008 0:00,3307
2/3/2008 1:00,2528
2/3/2008 2:00,1840
2/3/2008 3:00,1257
2/3/2008 4:00,841
2/3/2008 5:00,585
2/3/2008 6:00,454
2/3/2008 7:00,596
2/3/2008 8:00,672
2/3/2008 14:00,1118
2/3/2008 15:00,2701
2/3/2008 16:00,2726
2/3/2008 17:00,2711
2/3/2008 18:00,2436
2/3/2008 19:00,3051
2/3/2008 20:00,3816
2/3/2008 21:00,3903
2/3/2008 22:00,3909
2/3/2008 23:00,3731
2/11/2008 0:00,1601
2/11/2008 1:00,1245
2/11/2008 2:00,624
2/11/2008 3:00,608
2/11/2008 4:00,273
2/11/2008 5:00,133
2/11/2008 6:00,319
2/11/2008 7:00,325
2/11/2008 8:00,582
2/11/2008 9:00,1166
2/11/2008 10:00,1078
2/11/2008 11:00,1230
2/11/2008 12:00,1100
2/11/2008 13:00,1038
2/11/2008 14:00,1322
2/11/2008 15:00,1293
2/11/2008 16:00,1300
2/11/2008 17:00,1425
2/11/2008 18:00,1041
2/11/2008 19:00,1058
2/11/2008 20:00,1531
2/11/2008 21:00,1726
2/11/2008 22:00,2045
2/11/2008 23:00,1530
2/17/2008 0:00,3788
2/17/2008 1:00,1460
2/17/2008 2:00,2216
2/17/2008 3:00,1399
2/17/2008 4:00,928
2/17/2008 5:00,652
2/17/2008 6:00,489
2/17/2008 7:00,509
2/17/2008 8:00,722
2/17/2008 9:00,1221
2/17/2008 10:00,1681
2/17/2008 11:00,2076
2/17/2008 12:00,2205
2/17/2008 13:00,2410
2/17/2008 14:00,2573
2/17/2008 15:00,2748
2/17/2008 16:00,2361
2/17/2008 17:00,2855
2/17/2008 18:00,2812
2/17/2008 19:00,3122
2/17/2008 20:00,3733
2/17/2008 21:00,4009
2/17/2008 22:00,4037
2/17/2008 23:00,3618
2/24/2008 0:00,3065
2/24/2008 1:00,2806
2/24/2008 2:00,2080
2/24/2008 3:00,1552
2/24/2008 4:00,1086
2/24/2008 5:00,703
2/24/2008 6:00,484
2/24/2008 7:00,504
2/24/2008 8:00,772
2/24/2008 9:00,1237
2/24/2008 10:00,1922
2/24/2008 11:00,2195
2/24/2008 12:00,2379
2/24/2008 13:00,2648
2/24/2008 14:00,2912
2/24/2008 15:00,3017
2/24/2008 16:00,2472
2/24/2008 17:00,2877
2/24/2008 18:00,2794
2/24/2008 19:00,3108
2/24/2008 20:00,3816
2/24/2008 21:00,4044
2/24/2008 22:00,4074
2/24/2008 23:00,3599
3/2/2008 0:00,3628
3/2/2008 1:00,2820
3/2/2008 2:00,2039
3/2/2008 3:00,1359
3/2/2008 4:00,805
3/2/2008 5:00,441
3/2/2008 6:00,419
3/2/2008 7:00,491
3/2/2008 8:00,768
3/2/2008 9:00,1233
3/2/2008 10:00,1689
3/2/2008 11:00,2011
3/2/2008 12:00,2119
3/2/2008 13:00,2358
3/2/2008 14:00,2631
3/2/2008 15:00,2826
3/2/2008 16:00,2862
3/2/2008 17:00,2663
3/2/2008 18:00,2476
3/2/2008 19:00,2939
3/2/2008 20:00,3684
3/2/2008 21:00,3833
3/2/2008 22:00,3958
3/2/2008 23:00,3570
3/8/2008 0:00,2112
3/8/2008 1:00,1585
3/8/2008 2:00,1064
3/8/2008 3:00,743
3/8/2008 4:00,498
3/8/2008 5:00,303
3/8/2008 6:00,239
3/8/2008 7:00,344
3/8/2008 8:00,580
3/8/2008 9:00,862
3/8/2008 10:00,1288
3/8/2008 11:00,1226
3/8/2008 12:00,1637
3/8/2008 13:00,1787
3/8/2008 14:00,2009
3/8/2008 15:00,1907
3/8/2008 16:00,1915
3/8/2008 17:00,1737
3/8/2008 18:00,1671
3/8/2008 19:00,1937
3/8/2008 20:00,2489
3/8/2008 21:00,2674
3/8/2008 22:00,2759
3/8/2008 23:00,2466
3/16/2008 0:00,3535
3/16/2008 1:00,2711
3/16/2008 2:00,2023
3/16/2008 3:00,1335
3/16/2008 4:00,821
3/16/2008 5:00,515
3/16/2008 6:00,486
3/16/2008 7:00,474
3/16/2008 8:00,859
3/16/2008 9:00,1470
3/16/2008 10:00,1943
3/16/2008 11:00,2234
3/16/2008 12:00,2402
3/16/2008 13:00,2788
3/16/2008 14:00,2894
3/16/2008 15:00,2959
3/16/2008 16:00,2942
3/16/2008 17:00,2800
3/16/2008 18:00,2651
3/16/2008 19:00,2953
3/16/2008 20:00,3457
3/16/2008 21:00,3904
3/16/2008 22:00,4085
3/16/2008 23:00,3577
3/23/2008 0:00,3242
3/23/2008 1:00,2416
3/23/2008 2:00,1293
3/23/2008 3:00,1002
3/23/2008 4:00,624
3/23/2008 5:00,434
3/23/2008 6:00,380
3/23/2008 7:00,440
3/23/2008 8:00,757
3/23/2008 9:00,1319
3/23/2008 10:00,1827
3/23/2008 11:00,2242
3/23/2008 12:00,2447
3/23/2008 13:00,2617
3/23/2008 14:00,2910
3/23/2008 15:00,2970
3/23/2008 16:00,2962
3/23/2008 17:00,2679
3/23/2008 18:00,2533
3/23/2008 19:00,2949
3/23/2008 20:00,3465
3/23/2008 21:00,3783
3/23/2008 22:00,3806
3/23/2008 23:00,3281
3/30/2008 0:00,3375
3/30/2008 1:00,2467
3/30/2008 2:00,1710
3/30/2008 3:00,1082
3/30/2008 4:00,827
3/30/2008 5:00,544
3/30/2008 6:00,390
3/30/2008 7:00,554
3/30/2008 8:00,884
3/30/2008 9:00,1441
3/30/2008 10:00,1971
3/30/2008 11:00,2310
3/30/2008 12:00,2515
3/30/2008 13:00,2847
3/30/2008 14:00,2902
3/30/2008 15:00,2891
3/30/2008 16:00,2896
3/30/2008 17:00,2900
3/30/2008 18:00,2572
3/30/2008 19:00,2460
3/30/2008 20:00,3464
3/30/2008 21:00,3770
3/30/2008 22:00,3794
3/30/2008 23:00,3304
4/13/2008 0:00,3129
4/13/2008 1:00,2277
4/13/2008 2:00,1574
4/13/2008 3:00,1086
4/13/2008 4:00,713
4/13/2008 5:00,466
4/13/2008 6:00,407
4/13/2008 7:00,541
4/13/2008 8:00,928
4/13/2008 9:00,1152
4/13/2008 10:00,1823
4/13/2008 11:00,2015
4/13/2008 12:00,2268
4/13/2008 13:00,2540
4/13/2008 14:00,2890
4/13/2008 15:00,3109
4/13/2008 16:00,2982
4/13/2008 17:00,2786
4/13/2008 18:00,2666
4/13/2008 19:00,2928
4/13/2008 20:00,1741
4/13/2008 21:00,3855
4/13/2008 22:00,3794
4/13/2008 23:00,3452
4/20/2008 0:00,2698
4/20/2008 1:00,2331
4/20/2008 2:00,1627
4/20/2008 3:00,980
4/20/2008 4:00,531
4/20/2008 5:00,449
4/20/2008 6:00,364
4/20/2008 7:00,518
4/20/2008 8:00,812
4/20/2008 9:00,1267
4/20/2008 10:00,1835
4/20/2008 11:00,2194
4/20/2008 12:00,2300
4/20/2008 13:00,2601
4/20/2008 14:00,2731
4/20/2008 15:00,2597
4/20/2008 16:00,2532
4/20/2008 17:00,2390
4/20/2008 18:00,2373
4/20/2008 19:00,2606
4/20/2008 20:00,3117
4/20/2008 21:00,3331
4/20/2008 22:00,3549
4/20/2008 23:00,3152
4/27/2008 0:00,3129
4/27/2008 1:00,2252
4/27/2008 2:00,1416
4/27/2008 3:00,853
4/27/2008 4:00,610
4/27/2008 5:00,499
4/27/2008 6:00,470
4/27/2008 7:00,632
4/27/2008 8:00,968
4/27/2008 9:00,1495
4/27/2008 10:00,1911
4/27/2008 11:00,2097
4/27/2008 12:00,2080
4/27/2008 13:00,2336
4/27/2008 14:00,2564
4/27/2008 15:00,2535
4/27/2008 16:00,2566
4/27/2008 17:00,2642
4/27/2008 18:00,2415
4/27/2008 19:00,2734
4/27/2008 20:00,3283
4/27/2008 21:00,2630
4/27/2008 22:00,3414
4/27/2008 23:00,3172
5/10/2008 0:00,1979
5/10/2008 1:00,1411
5/10/2008 2:00,993
5/10/2008 3:00,673
5/10/2008 4:00,404
5/10/2008 5:00,311
5/10/2008 6:00,312
5/10/2008 7:00,397
5/10/2008 8:00,643
5/10/2008 9:00,1028
5/10/2008 10:00,1062
5/10/2008 11:00,1600
5/10/2008 12:00,639
5/10/2008 15:00,903
5/10/2008 16:00,1761
5/10/2008 17:00,1561
5/10/2008 18:00,1396
5/10/2008 19:00,1628
5/10/2008 20:00,1750
5/10/2008 21:00,2169
5/10/2008 22:00,2209
5/10/2008 23:00,1915
5/25/2008 0:00,2759
5/25/2008 1:00,2028
5/25/2008 2:00,1507
5/25/2008 3:00,865
5/25/2008 4:00,538
5/25/2008 5:00,398
5/25/2008 6:00,338
5/25/2008 7:00,447
5/25/2008 8:00,741
5/25/2008 9:00,1274
5/25/2008 10:00,1795
5/25/2008 11:00,2014
5/25/2008 12:00,1993
5/25/2008 13:00,2081
5/25/2008 14:00,2241
5/25/2008 15:00,2409
5/25/2008 16:00,2428
5/25/2008 17:00,2415
5/25/2008 18:00,2184
5/25/2008 19:00,2349
5/25/2008 20:00,3114
5/25/2008 21:00,3421
5/25/2008 22:00,3463
5/25/2008 23:00,2978
6/1/2008 0:00,3738
6/1/2008 1:00,2835
6/1/2008 2:00,2065
6/1/2008 3:00,1394
6/1/2008 4:00,906
6/1/2008 5:00,591
6/1/2008 6:00,502
6/1/2008 7:00,495
6/1/2008 8:00,816
6/1/2008 9:00,1281
6/1/2008 10:00,1691
6/1/2008 11:00,2120
6/1/2008 12:00,2269
6/1/2008 13:00,2138
6/1/2008 14:00,2782
6/1/2008 15:00,2916
6/1/2008 16:00,2883
6/1/2008 17:00,2794
6/1/2008 18:00,2607
6/1/2008 19:00,2993
6/1/2008 20:00,3682
6/1/2008 21:00,3974
6/1/2008 22:00,3912
6/1/2008 23:00,3484
6/7/2008 0:00,2384
6/7/2008 1:00,1825
6/7/2008 2:00,1155
6/7/2008 3:00,669
6/7/2008 4:00,464
6/7/2008 5:00,360
6/7/2008 6:00,335
6/7/2008 7:00,464
6/7/2008 8:00,674
6/7/2008 9:00,1051
6/7/2008 10:00,1485
6/7/2008 11:00,1713
6/7/2008 12:00,1748
6/7/2008 13:00,1969
6/7/2008 14:00,2014
6/7/2008 15:00,2055
6/7/2008 16:00,1991
6/7/2008 17:00,1950
6/7/2008 18:00,1773
6/7/2008 19:00,2055
6/7/2008 20:00,2686
6/7/2008 21:00,2818
6/7/2008 22:00,2572
6/7/2008 23:00,2719
6/22/2008 0:00,2812
6/22/2008 1:00,2057
6/22/2008 2:00,1316
6/22/2008 3:00,875
6/22/2008 4:00,483
6/29/2008 0:00,2798
6/29/2008 1:00,1890
6/29/2008 2:00,1340
6/29/2008 3:00,883
6/29/2008 4:00,558
6/29/2008 5:00,218
6/29/2008 6:00,304
6/29/2008 7:00,506
6/29/2008 8:00,672
6/29/2008 9:00,1105
6/29/2008 10:00,1531
6/29/2008 11:00,1247
6/29/2008 12:00,1624
6/29/2008 13:00,2071
6/29/2008 14:00,2268
6/29/2008 15:00,2360
6/29/2008 16:00,2208
6/29/2008 17:00,1877
6/29/2008 18:00,1968
6/29/2008 19:00,2344
6/29/2008 20:00,2602
6/29/2008 21:00,3139
6/29/2008 22:00,2447
6/29/2008 23:00,2717
7/9/2008 0:00,2156
7/9/2008 1:00,1695
7/9/2008 2:00,1135
7/9/2008 3:00,651
7/9/2008 4:00,434
7/9/2008 5:00,306
7/9/2008 6:00,298
7/9/2008 7:00,393
7/9/2008 8:00,594
7/9/2008 9:00,857
7/9/2008 10:00,1429
7/9/2008 11:00,1557
7/9/2008 12:00,1352
7/9/2008 13:00,1508
7/9/2008 14:00,1619
7/9/2008 15:00,1882
7/9/2008 16:00,2004
7/9/2008 17:00,1575
7/9/2008 18:00,1441
7/9/2008 19:00,1522
7/9/2008 20:00,2177
7/9/2008 21:00,2425
7/9/2008 22:00,2515
7/9/2008 23:00,2132
7/12/2008 0:00,2311
7/12/2008 1:00,1701
7/12/2008 2:00,1179
7/12/2008 3:00,677
7/12/2008 4:00,446
7/12/2008 5:00,318
7/12/2008 6:00,266
7/12/2008 7:00,328
7/12/2008 8:00,512
7/12/2008 9:00,953
7/12/2008 10:00,1213
7/12/2008 11:00,1602
7/12/2008 12:00,1657
7/12/2008 13:00,1547
7/12/2008 14:00,1707
7/12/2008 15:00,1969
7/12/2008 16:00,1934
7/12/2008 17:00,1843
7/12/2008 18:00,1672
7/12/2008 19:00,1610
7/12/2008 20:00,2268
7/12/2008 21:00,2381
7/12/2008 22:00,2347
7/12/2008 23:00,2439
7/13/2008 0:00,2456
7/13/2008 1:00,1804
7/13/2008 2:00,1130
7/13/2008 3:00,652
7/13/2008 4:00,393
7/13/2008 5:00,341
7/13/2008 6:00,345
7/13/2008 7:00,451
7/13/2008 8:00,698
7/13/2008 9:00,1151
7/13/2008 10:00,1532
7/13/2008 11:00,1796
7/13/2008 12:00,1747
7/13/2008 13:00,1971
7/13/2008 14:00,2072
7/13/2008 15:00,1992
7/13/2008 16:00,2067
7/13/2008 17:00,2153
7/13/2008 18:00,2042
7/13/2008 19:00,2111
7/13/2008 20:00,2608
7/13/2008 21:00,2705
7/13/2008 22:00,2849
7/13/2008 23:00,2694
7/20/2008 0:00,2462
7/20/2008 1:00,2000
7/20/2008 2:00,1500
7/20/2008 3:00,846
7/20/2008 4:00,485
7/20/2008 5:00,341
7/20/2008 6:00,381
7/20/2008 7:00,509
7/20/2008 8:00,661
7/20/2008 9:00,997
7/20/2008 10:00,1444
7/20/2008 11:00,1776
7/20/2008 12:00,1749
7/20/2008 13:00,1821
7/20/2008 14:00,1703
7/20/2008 15:00,2268
7/20/2008 16:00,2154
7/20/2008 17:00,2030
7/20/2008 18:00,1663
7/20/2008 19:00,921
7/20/2008 20:00,1977
7/20/2008 21:00,2463
7/20/2008 22:00,2801
7/20/2008 23:00,2356
7/27/2008 0:00,1524
7/27/2008 1:00,1729
7/27/2008 2:00,1328
7/27/2008 3:00,835
7/27/2008 4:00,472
7/27/2008 5:00,308
7/27/2008 6:00,300
7/27/2008 7:00,457
7/27/2008 8:00,732
7/27/2008 9:00,1108
7/27/2008 10:00,1418
7/27/2008 11:00,1778
7/27/2008 12:00,1826
7/27/2008 13:00,2050
7/27/2008 14:00,2196
7/27/2008 15:00,2274
7/27/2008 16:00,2312
7/27/2008 17:00,2282
7/27/2008 18:00,2169
7/27/2008 19:00,2261
7/27/2008 20:00,2436
7/27/2008 21:00,3052
7/27/2008 22:00,2553
7/27/2008 23:00,2936
8/6/2008 0:00,2720
8/6/2008 1:00,1926
8/6/2008 2:00,1274
8/6/2008 3:00,907
8/6/2008 4:00,475
8/6/2008 5:00,394
8/6/2008 6:00,360
8/6/2008 7:00,371
8/6/2008 8:00,858
8/6/2008 9:00,1292
8/6/2008 10:00,1744
8/6/2008 11:00,1991
8/6/2008 12:00,2123
8/6/2008 13:00,2428
8/6/2008 14:00,2445
8/6/2008 15:00,2450
8/6/2008 16:00,2520
8/6/2008 17:00,2311
8/6/2008 18:00,1995
8/6/2008 19:00,2303
8/6/2008 20:00,2873
8/6/2008 21:00,2904
8/6/2008 22:00,2866
8/6/2008 23:00,2726
8/17/2008 0:00,2166
8/17/2008 1:00,1837
8/17/2008 2:00,1208
8/17/2008 3:00,758
8/17/2008 4:00,492
8/17/2008 5:00,312
8/17/2008 6:00,333
8/17/2008 7:00,459
8/17/2008 8:00,669
8/17/2008 9:00,1094
8/17/2008 10:00,1469
8/17/2008 11:00,1597
8/17/2008 12:00,1494
8/17/2008 13:00,1828
8/17/2008 14:00,1876
8/17/2008 15:00,1763
8/17/2008 16:00,313
8/17/2008 17:00,1927
8/17/2008 18:00,1776
8/17/2008 19:00,1842
8/17/2008 20:00,2440
8/17/2008 21:00,2670
8/17/2008 22:00,2516
8/17/2008 23:00,2422
8/24/2008 0:00,2221
8/24/2008 1:00,1533
8/24/2008 2:00,1013
8/24/2008 3:00,592
8/24/2008 4:00,368
8/24/2008 5:00,272
8/24/2008 6:00,286
8/24/2008 7:00,374
8/24/2008 8:00,620
8/24/2008 9:00,947
8/24/2008 10:00,1385
8/24/2008 11:00,1569
8/24/2008 12:00,1566
8/24/2008 13:00,1743
8/24/2008 14:00,2059
8/24/2008 15:00,2045
8/24/2008 16:00,2095
8/24/2008 17:00,1835
8/24/2008 18:00,1552
8/24/2008 19:00,1634
8/24/2008 20:00,1963
8/24/2008 21:00,1713
8/24/2008 22:00,2647
8/24/2008 23:00,2259
8/31/2008 0:00,2326
8/31/2008 1:00,1585
8/31/2008 2:00,1268
8/31/2008 3:00,650
8/31/2008 4:00,424
8/31/2008 5:00,282
8/31/2008 6:00,310
8/31/2008 7:00,337
8/31/2008 8:00,523
8/31/2008 9:00,908
8/31/2008 10:00,1327
8/31/2008 11:00,1554
8/31/2008 12:00,1517
8/31/2008 13:00,1810
8/31/2008 14:00,1733
8/31/2008 15:00,1871
8/31/2008 16:00,1800
8/31/2008 17:00,1768
8/31/2008 18:00,1627
8/31/2008 19:00,1822
8/31/2008 20:00,2302
8/31/2008 21:00,2502
8/31/2008 22:00,2609
8/31/2008 23:00,2191
9/3/2008 0:00,3569
9/3/2008 1:00,2609
9/3/2008 2:00,1606
9/3/2008 3:00,1033
9/3/2008 4:00,686
9/3/2008 5:00,542
9/3/2008 6:00,472
9/3/2008 7:00,527
9/3/2008 8:00,877
9/3/2008 9:00,1380
9/3/2008 10:00,1786
9/3/2008 11:00,2103
9/3/2008 12:00,2288
9/3/2008 13:00,2535
9/3/2008 14:00,2658
9/3/2008 15:00,2730
9/3/2008 16:00,2864
9/3/2008 17:00,2890
9/3/2008 18:00,2787
9/3/2008 19:00,3114
9/3/2008 20:00,3799
9/3/2008 21:00,4130
9/3/2008 22:00,4178
9/3/2008 23:00,3674
9/11/2008 0:00,1368
9/11/2008 1:00,985
9/11/2008 2:00,710
9/11/2008 3:00,333
9/11/2008 4:00,104
9/11/2008 5:00,227
9/11/2008 6:00,253
9/11/2008 7:00,312
9/11/2008 8:00,590
9/11/2008 9:00,557
9/11/2008 10:00,1158
9/11/2008 11:00,816
9/11/2008 12:00,977
9/11/2008 13:00,311
9/11/2008 14:00,1363
9/11/2008 15:00,1425
9/11/2008 16:00,1317
9/11/2008 17:00,1272
9/11/2008 18:00,1072
9/11/2008 19:00,1241
9/11/2008 20:00,1371
9/11/2008 21:00,1551
9/11/2008 22:00,1935
9/11/2008 23:00,1335
9/14/2008 0:00,2527
9/14/2008 1:00,1764
9/14/2008 2:00,1357
9/14/2008 3:00,742
9/14/2008 4:00,443
9/14/2008 5:00,255
9/14/2008 6:00,329
9/14/2008 7:00,362
9/14/2008 8:00,543
9/14/2008 9:00,991
9/14/2008 10:00,1454
9/14/2008 11:00,1760
9/14/2008 12:00,1805
9/14/2008 13:00,1960
9/14/2008 14:00,2245
9/14/2008 15:00,2041
9/14/2008 16:00,2309
9/14/2008 17:00,2187
9/14/2008 18:00,1826
9/14/2008 19:00,1569
9/14/2008 20:00,2316
9/14/2008 21:00,2511
9/14/2008 22:00,2288
9/14/2008 23:00,2141
9/21/2008 0:00,2096
9/21/2008 1:00,1570
9/21/2008 2:00,969
9/21/2008 3:00,587
9/21/2008 4:00,342
9/21/2008 5:00,292
9/21/2008 6:00,273
9/21/2008 7:00,404
9/21/2008 8:00,757
9/21/2008 9:00,1065
9/21/2008 10:00,1298
9/21/2008 11:00,1514
9/21/2008 12:00,1461
9/21/2008 13:00,1559
9/21/2008 14:00,1687
9/21/2008 15:00,1441
9/21/2008 16:00,1708
9/21/2008 17:00,1717
9/21/2008 18:00,1302
9/21/2008 19:00,1357
9/21/2008 20:00,2087
9/21/2008 21:00,1845
9/21/2008 22:00,2483
9/21/2008 23:00,2193
9/28/2008 0:00,2224
9/28/2008 1:00,1874
9/28/2008 2:00,1400
9/28/2008 3:00,770
9/28/2008 4:00,487
9/28/2008 5:00,374
9/28/2008 6:00,325
9/28/2008 7:00,467
9/28/2008 8:00,656
9/28/2008 9:00,1059
9/28/2008 10:00,1582
9/28/2008 11:00,1881
9/28/2008 12:00,1549
9/28/2008 13:00,1968
9/28/2008 14:00,2645
9/28/2008 15:00,2474
9/28/2008 16:00,2457
9/28/2008 17:00,2249
9/28/2008 18:00,2126
9/28/2008 19:00,2424
9/28/2008 20:00,2556
9/28/2008 21:00,2656
9/28/2008 22:00,2823
9/28/2008 23:00,2698
10/2/2008 0:00,3044
10/2/2008 1:00,2608
10/2/2008 2:00,1912
10/2/2008 3:00,1201
10/2/2008 4:00,780
10/2/2008 5:00,470
10/2/2008 6:00,339
10/2/2008 7:00,324
10/2/2008 8:00,562
10/2/2008 9:00,964
10/2/2008 10:00,1440
10/2/2008 11:00,1776
10/2/2008 12:00,1978
10/2/2008 13:00,2249
10/2/2008 14:00,2336
10/2/2008 15:00,2427
10/2/2008 16:00,2170
10/2/2008 17:00,2586
10/2/2008 18:00,2316
10/2/2008 19:00,2716
10/2/2008 20:00,3233
10/2/2008 21:00,3444
10/2/2008 22:00,3646
10/2/2008 23:00,3740
10/8/2008 0:00,2002
10/8/2008 1:00,1611
10/8/2008 2:00,965
10/8/2008 3:00,677
10/8/2008 4:00,495
10/8/2008 5:00,194
10/8/2008 6:00,268
10/8/2008 7:00,351
10/8/2008 8:00,593
10/8/2008 9:00,931
10/8/2008 10:00,1265
10/8/2008 11:00,1467
10/8/2008 12:00,1576
10/8/2008 13:00,1578
10/8/2008 14:00,1813
10/8/2008 15:00,1851
10/8/2008 16:00,1946
10/8/2008 17:00,1957
10/8/2008 18:00,1851
10/8/2008 19:00,1905
10/8/2008 20:00,2318
10/8/2008 21:00,2579
10/8/2008 22:00,2695
10/8/2008 23:00,1793
10/19/2008 0:00,2002
10/19/2008 1:00,1612
10/19/2008 2:00,1013
10/19/2008 3:00,602
10/19/2008 4:00,352
10/19/2008 5:00,240
10/19/2008 6:00,243
10/19/2008 7:00,312
10/19/2008 8:00,562
10/19/2008 9:00,984
10/19/2008 10:00,1334
10/19/2008 11:00,1460
10/19/2008 12:00,1210
10/19/2008 13:00,1621
10/19/2008 14:00,1674
10/19/2008 15:00,1657
10/19/2008 16:00,1604
10/19/2008 17:00,1455
10/19/2008 18:00,1168
10/19/2008 19:00,1312
10/19/2008 20:00,1746
10/19/2008 21:00,2134
10/19/2008 22:00,2214
10/19/2008 23:00,1999
10/26/2008 0:00,2166
10/26/2008 1:00,1662
10/26/2008 2:00,1240
10/26/2008 3:00,805
10/26/2008 4:00,211
10/26/2008 5:00,263
10/26/2008 6:00,302
10/26/2008 7:00,367
10/26/2008 8:00,476
10/26/2008 9:00,1086
10/26/2008 10:00,1548
10/26/2008 11:00,1727
10/26/2008 12:00,1647
10/26/2008 13:00,1793
10/26/2008 14:00,1897
10/26/2008 15:00,1964
10/26/2008 16:00,1590
10/26/2008 17:00,1637
10/26/2008 18:00,1711
10/26/2008 19:00,1869
10/26/2008 20:00,2165
10/26/2008 21:00,2422
10/26/2008 22:00,2551
10/26/2008 23:00,2374
11/5/2008 0:00,2665
11/5/2008 1:00,2029
11/5/2008 2:00,1387
11/5/2008 3:00,837
11/5/2008 4:00,516
11/5/2008 5:00,435
11/5/2008 6:00,461
11/5/2008 7:00,532
11/5/2008 8:00,808
11/5/2008 9:00,1303
11/5/2008 10:00,1734
11/5/2008 11:00,1895
11/5/2008 12:00,1712
11/5/2008 13:00,2243
11/5/2008 14:00,2364
11/5/2008 15:00,2408
11/5/2008 16:00,2467
11/5/2008 17:00,2203
11/5/2008 18:00,1954
11/5/2008 19:00,2278
11/5/2008 20:00,2888
11/5/2008 21:00,2467
11/5/2008 22:00,3025
11/5/2008 23:00,2662
11/16/2008 0:00,1229
11/16/2008 1:00,1264
11/16/2008 2:00,672
11/16/2008 3:00,387
11/16/2008 4:00,252
11/16/2008 5:00,229
11/16/2008 6:00,231
11/16/2008 7:00,286
11/16/2008 8:00,432
11/16/2008 9:00,669
11/16/2008 10:00,890
11/16/2008 11:00,908
11/16/2008 12:00,965
11/16/2008 13:00,1222
11/16/2008 14:00,1187
11/16/2008 15:00,1312
11/16/2008 16:00,381
11/16/2008 17:00,1155
11/16/2008 18:00,1034
11/16/2008 19:00,1040
11/16/2008 20:00,1423
11/16/2008 21:00,1564
11/16/2008 22:00,1408
11/16/2008 23:00,1428
11/23/2008 0:00,2093
11/23/2008 1:00,1754
11/23/2008 2:00,1233
11/23/2008 3:00,796
11/23/2008 4:00,544
11/23/2008 5:00,70
11/23/2008 6:00,317
11/23/2008 7:00,203
11/23/2008 8:00,619
11/23/2008 9:00,1028
11/23/2008 10:00,1381
11/23/2008 11:00,1548
11/23/2008 12:00,1450
11/23/2008 13:00,1737
11/23/2008 14:00,1844
11/23/2008 15:00,1767
11/23/2008 16:00,2039
11/23/2008 17:00,1944
11/23/2008 18:00,1570
11/23/2008 19:00,1894
11/23/2008 20:00,2277
11/23/2008 21:00,2329
11/23/2008 22:00,2660
11/23/2008 23:00,2132
11/30/2008 0:00,2063
11/30/2008 1:00,1757
11/30/2008 2:00,1108
11/30/2008 3:00,769
11/30/2008 4:00,415
11/30/2008 5:00,120
11/30/2008 6:00,352
11/30/2008 7:00,405
11/30/2008 8:00,576
11/30/2008 9:00,1084
11/30/2008 10:00,978
11/30/2008 11:00,1572
11/30/2008 12:00,1478
11/30/2008 13:00,1230
11/30/2008 14:00,1753
11/30/2008 15:00,2384
11/30/2008 16:00,1392
11/30/2008 17:00,1837
11/30/2008 18:00,1604
11/30/2008 19:00,2084
11/30/2008 20:00,1560
11/30/2008 21:00,2428
11/30/2008 22:00,2479
11/30/2008 23:00,2819
12/10/2008 0:00,1889
12/10/2008 1:00,1341
12/10/2008 2:00,933
12/10/2008 3:00,678
12/10/2008 4:00,442
12/10/2008 5:00,285
12/10/2008 6:00,284
12/10/2008 7:00,402
12/10/2008 8:00,690
12/10/2008 9:00,942
12/10/2008 10:00,1187
12/10/2008 11:00,1344
12/10/2008 12:00,1409
12/10/2008 13:00,1531
12/10/2008 14:00,1756
12/10/2008 15:00,1646
12/10/2008 16:00,1642
12/10/2008 17:00,1377
12/10/2008 18:00,1202
12/10/2008 19:00,1484
12/10/2008 20:00,1887
12/10/2008 21:00,2109
12/10/2008 22:00,2126
12/10/2008 23:00,1929
12/14/2008 0:00,2393
12/14/2008 1:00,1935
12/14/2008 2:00,1308
12/14/2008 3:00,837
12/14/2008 4:00,410
12/14/2008 5:00,360
12/14/2008 6:00,323
12/14/2008 7:00,421
12/14/2008 8:00,573
12/14/2008 9:00,892
12/14/2008 10:00,1516
12/14/2008 11:00,1254
12/14/2008 12:00,1606
12/14/2008 13:00,2090
12/14/2008 14:00,1344
12/14/2008 15:00,1829
12/14/2008 16:00,1916
12/14/2008 17:00,1920
12/14/2008 18:00,1727
12/14/2008 19:00,1902
12/14/2008 20:00,2269
12/14/2008 21:00,2590
12/14/2008 22:00,1919
12/21/2008 0:00,1213
12/21/2008 2:00,906
12/21/2008 3:00,890
12/21/2008 4:00,52
12/21/2008 6:00,251
12/21/2008 7:00,333
12/21/2008 8:00,404
12/21/2008 9:00,718
12/21/2008 10:00,1302
12/21/2008 11:00,1567
12/21/2008 12:00,1180
12/21/2008 13:00,248
12/21/2008 17:00,1822
12/21/2008 18:00,1619
12/21/2008 19:00,1806
12/21/2008 20:00,2278
12/21/2008 21:00,1258
12/21/2008 22:00,2371
12/21/2008 23:00,2162
12/28/2008 0:00,2341
12/28/2008 1:00,1459
12/28/2008 3:00,164
12/28/2008 4:00,516
12/28/2008 5:00,352
12/28/2008 7:00,327
12/28/2008 8:00,385
12/28/2008 9:00,795
12/28/2008 10:00,1205
12/28/2008 11:00,1441
12/28/2008 12:00,1591
12/28/2008 13:00,1730
12/28/2008 14:00,1922
12/28/2008 15:00,1917
12/28/2008 16:00,1942
12/28/2008 17:00,1856
12/28/2008 18:00,1166
12/28/2008 19:00,1842
12/28/2008 20:00,2296
12/28/2008 21:00,2620
12/28/2008 22:00,2632
12/28/2008 23:00,2414
4/1/2009 0:00,2297
4/1/2009 1:00,1833
4/1/2009 2:00,1275
4/1/2009 3:00,815
4/1/2009 4:00,490
4/1/2009 5:00,357
4/1/2009 6:00,266
4/1/2009 7:00,279
4/1/2009 8:00,391
4/1/2009 9:00,713
4/1/2009 10:00,1076
4/1/2009 11:00,1342
4/1/2009 12:00,1498
4/1/2009 13:00,1658
4/1/2009 14:00,1949
4/1/2009 15:00,2024
4/1/2009 16:00,1923
4/1/2009 17:00,907
4/1/2009 18:00,1643
4/1/2009 19:00,1853
4/1/2009 20:00,2296
4/1/2009 21:00,2565
4/1/2009 22:00,2547
4/1/2009 23:00,2264
