DateTime,WeekDay,PlayersCount
2006-01-06 00:00:00,Thursday,2028
2006-01-06 01:00:00,Thursday,1289
2006-01-06 02:00:00,Thursday,163
2006-01-06 11:00:00,Thursday,571
2006-01-06 12:00:00,Thursday,804
2006-01-06 13:00:00,Thursday,799
2006-01-06 14:00:00,Thursday,820
2006-01-06 15:00:00,Thursday,899
2006-01-06 16:00:00,Thursday,1011
2006-01-06 17:00:00,Thursday,955
2006-01-06 18:00:00,Thursday,1296
2006-01-06 19:00:00,Thursday,1719
2006-01-06 20:00:00,Thursday,2365
2006-01-06 21:00:00,Thursday,2724
2006-01-06 22:00:00,Thursday,2867
2006-01-06 23:00:00,Thursday,2758
2006-01-19 00:00:00,Thursday,5632
2006-01-19 01:00:00,Thursday,4050
2006-01-19 02:00:00,Thursday,298
2006-01-19 11:00:00,Thursday,1722
2006-01-19 12:00:00,Thursday,2654
2006-01-19 13:00:00,Thursday,3138
2006-01-19 14:00:00,Thursday,3354
2006-01-19 15:00:00,Thursday,3384
2006-01-19 16:00:00,Thursday,3402
2006-01-19 17:00:00,Thursday,3548
2006-01-19 18:00:00,Thursday,3576
2006-01-19 19:00:00,Thursday,4112
2006-01-19 20:00:00,Thursday,5408
2006-01-19 21:00:00,Thursday,6304
2006-01-19 22:00:00,Thursday,6964
2006-01-19 23:00:00,Thursday,6686
2006-01-26 00:00:00,Thursday,5548
2006-01-26 01:00:00,Thursday,4180
2006-01-26 11:00:00,Thursday,2364
2006-01-26 12:00:00,Thursday,2818
2006-01-26 13:00:00,Thursday,1000
2006-01-26 14:00:00,Thursday,3050
2006-01-26 15:00:00,Thursday,3100
2006-01-26 16:00:00,Thursday,3198
2006-01-26 17:00:00,Thursday,3084
2006-01-26 18:00:00,Thursday,3138
2006-01-26 19:00:00,Thursday,3592
2006-01-26 20:00:00,Thursday,4694
2006-01-26 21:00:00,Thursday,5768
2006-01-26 22:00:00,Thursday,6474
2006-01-26 23:00:00,Thursday,6588
2006-02-02 00:00:00,Thursday,5568
2006-02-02 01:00:00,Thursday,4708
2006-02-02 02:00:00,Thursday,130
2006-02-02 11:00:00,Thursday,3066
2006-02-02 12:00:00,Thursday,3322
2006-02-02 13:00:00,Thursday,3914
2006-02-02 14:00:00,Thursday,4466
2006-02-02 15:00:00,Thursday,5062
2006-02-02 16:00:00,Thursday,4366
2006-02-02 17:00:00,Thursday,4870
2006-02-02 18:00:00,Thursday,4300
2006-02-02 19:00:00,Thursday,4386
2006-02-02 20:00:00,Thursday,5154
2006-02-02 21:00:00,Thursday,5740
2006-02-02 22:00:00,Thursday,6254
2006-02-02 23:00:00,Thursday,5860
2006-02-03 00:00:00,Thursday,4070
2006-02-03 01:00:00,Thursday,3450
2006-02-03 11:00:00,Thursday,1628
2006-02-03 12:00:00,Thursday,2184
2006-02-03 13:00:00,Thursday,2454
2006-02-03 14:00:00,Thursday,2246
2006-02-03 15:00:00,Thursday,2738
2006-02-03 16:00:00,Thursday,2776
2006-02-03 17:00:00,Thursday,3024
2006-02-03 18:00:00,Thursday,3254
2006-02-03 19:00:00,Thursday,3424
2006-02-03 20:00:00,Thursday,4182
2006-02-03 21:00:00,Thursday,5810
2006-02-03 22:00:00,Thursday,6678
2006-02-03 23:00:00,Thursday,6624
2006-02-11 00:00:00,Thursday,51
2006-02-16 00:00:00,Thursday,5202
2006-02-16 01:00:00,Thursday,2966
2006-02-16 11:00:00,Thursday,760
2006-02-16 12:00:00,Thursday,2344
2006-02-16 13:00:00,Thursday,2918
2006-02-16 14:00:00,Thursday,3072
2006-02-16 15:00:00,Thursday,2684
2006-02-16 16:00:00,Thursday,2688
2006-02-16 17:00:00,Thursday,3410
2006-02-16 18:00:00,Thursday,3610
2006-02-16 19:00:00,Thursday,4362
2006-02-16 20:00:00,Thursday,5174
2006-02-16 21:00:00,Thursday,6256
2006-02-16 22:00:00,Thursday,6816
2006-02-16 23:00:00,Thursday,6822
2006-02-23 00:00:00,Thursday,5550
2006-02-23 01:00:00,Thursday,3882
2006-02-23 02:00:00,Thursday,372
2006-02-23 11:00:00,Thursday,1752
2006-02-23 12:00:00,Thursday,2244
2006-02-23 13:00:00,Thursday,2402
2006-02-23 14:00:00,Thursday,2606
2006-02-23 15:00:00,Thursday,2834
2006-02-23 16:00:00,Thursday,2598
2006-02-23 17:00:00,Thursday,3340
2006-02-23 18:00:00,Thursday,3412
2006-02-23 19:00:00,Thursday,4018
2006-02-23 20:00:00,Thursday,5132
2006-02-23 21:00:00,Thursday,6220
2006-02-23 22:00:00,Thursday,6856
2006-02-23 23:00:00,Thursday,6626
2006-03-08 00:00:00,Thursday,1843
2006-03-08 01:00:00,Thursday,1226
2006-03-08 02:00:00,Thursday,159
2006-03-08 11:00:00,Thursday,609
2006-03-08 12:00:00,Thursday,814
2006-03-08 13:00:00,Thursday,906
2006-03-08 14:00:00,Thursday,993
2006-03-08 15:00:00,Thursday,1050
2006-03-08 16:00:00,Thursday,1062
2006-03-08 17:00:00,Thursday,1011
2006-03-08 18:00:00,Thursday,1139
2006-03-08 19:00:00,Thursday,1365
2006-03-08 20:00:00,Thursday,1943
2006-03-08 21:00:00,Thursday,2344
2006-03-08 22:00:00,Thursday,2569
2006-03-08 23:00:00,Thursday,2511
2006-03-16 00:00:00,Thursday,4612
2006-03-16 01:00:00,Thursday,3230
2006-03-16 11:00:00,Thursday,1674
2006-03-16 12:00:00,Thursday,2008
2006-03-16 13:00:00,Thursday,2122
2006-03-16 14:00:00,Thursday,2182
2006-03-16 15:00:00,Thursday,1922
2006-03-16 16:00:00,Thursday,2490
2006-03-16 17:00:00,Thursday,2594
2006-03-16 18:00:00,Thursday,2412
2006-03-16 19:00:00,Thursday,3730
2006-03-16 20:00:00,Thursday,4876
2006-03-16 21:00:00,Thursday,5648
2006-03-16 22:00:00,Thursday,6126
2006-03-16 23:00:00,Thursday,5830
2006-03-23 00:00:00,Thursday,4770
2006-03-23 01:00:00,Thursday,2784
2006-03-23 02:00:00,Thursday,362
2006-03-23 11:00:00,Thursday,1608
2006-03-23 12:00:00,Thursday,2184
2006-03-23 13:00:00,Thursday,2244
2006-03-23 14:00:00,Thursday,2308
2006-03-23 15:00:00,Thursday,2512
2006-03-23 16:00:00,Thursday,2596
2006-03-23 17:00:00,Thursday,2836
2006-03-23 18:00:00,Thursday,2984
2006-03-23 19:00:00,Thursday,3692
2006-03-23 20:00:00,Thursday,5072
2006-03-23 21:00:00,Thursday,5868
2006-03-23 22:00:00,Thursday,5350
2006-03-23 23:00:00,Thursday,5958
2006-03-30 00:00:00,Thursday,4612
2006-03-30 01:00:00,Thursday,2956
2006-03-30 02:00:00,Thursday,22
2006-03-30 12:00:00,Thursday,58
2006-03-30 14:00:00,Thursday,1890
2006-03-30 15:00:00,Thursday,1820
2006-03-30 16:00:00,Thursday,2114
2006-03-30 17:00:00,Thursday,2680
2006-03-30 18:00:00,Thursday,2884
2006-03-30 19:00:00,Thursday,3366
2006-03-30 20:00:00,Thursday,4366
2006-03-30 21:00:00,Thursday,5372
2006-03-30 22:00:00,Thursday,5868
2006-03-30 23:00:00,Thursday,5780
2006-04-05 00:00:00,Thursday,4748
2006-04-05 01:00:00,Thursday,3160
2006-04-05 02:00:00,Thursday,412
2006-04-05 11:00:00,Thursday,1148
2006-04-05 12:00:00,Thursday,1734
2006-04-05 13:00:00,Thursday,1876
2006-04-05 14:00:00,Thursday,1912
2006-04-05 15:00:00,Thursday,1954
2006-04-05 16:00:00,Thursday,2182
2006-04-05 17:00:00,Thursday,2420
2006-04-05 18:00:00,Thursday,2654
2006-04-05 19:00:00,Thursday,3184
2006-04-05 20:00:00,Thursday,4346
2006-04-05 21:00:00,Thursday,5256
2006-04-05 22:00:00,Thursday,5750
2006-04-05 23:00:00,Thursday,5494
2006-04-13 00:00:00,Thursday,4442
2006-04-13 01:00:00,Thursday,2814
2006-04-13 02:00:00,Thursday,104
2006-04-13 11:00:00,Thursday,1024
2006-04-13 12:00:00,Thursday,1944
2006-04-13 13:00:00,Thursday,2110
2006-04-13 14:00:00,Thursday,2190
2006-04-13 15:00:00,Thursday,2456
2006-04-13 16:00:00,Thursday,2596
2006-04-13 17:00:00,Thursday,2328
2006-04-13 18:00:00,Thursday,2748
2006-04-13 19:00:00,Thursday,3492
2006-04-13 20:00:00,Thursday,4896
2006-04-13 21:00:00,Thursday,5692
2006-04-13 22:00:00,Thursday,6052
2006-04-13 23:00:00,Thursday,5656
2006-04-20 00:00:00,Thursday,4474
2006-04-20 01:00:00,Thursday,3194
2006-04-20 11:00:00,Thursday,1710
2006-04-20 12:00:00,Thursday,1992
2006-04-20 13:00:00,Thursday,2178
2006-04-20 14:00:00,Thursday,2210
2006-04-20 15:00:00,Thursday,2284
2006-04-20 16:00:00,Thursday,2382
2006-04-20 17:00:00,Thursday,2534
2006-04-20 18:00:00,Thursday,2904
2006-04-20 19:00:00,Thursday,3518
2006-04-20 20:00:00,Thursday,4798
2006-04-20 21:00:00,Thursday,5620
2006-04-20 22:00:00,Thursday,6246
2006-04-20 23:00:00,Thursday,5790
2006-04-27 00:00:00,Thursday,4782
2006-04-27 01:00:00,Thursday,2692
2006-04-27 02:00:00,Thursday,110
2006-04-27 11:00:00,Thursday,1558
2006-04-27 12:00:00,Thursday,1658
2006-04-27 13:00:00,Thursday,2060
2006-04-27 14:00:00,Thursday,2224
2006-04-27 15:00:00,Thursday,2364
2006-04-27 16:00:00,Thursday,2462
2006-04-27 17:00:00,Thursday,2588
2006-04-27 18:00:00,Thursday,2848
2006-04-27 19:00:00,Thursday,3444
2006-04-27 20:00:00,Thursday,4750
2006-04-27 21:00:00,Thursday,5602
2006-04-27 22:00:00,Thursday,6004
2006-04-27 23:00:00,Thursday,5832
2006-05-01 00:00:00,Thursday,4742
2006-05-01 01:00:00,Thursday,3986
2006-05-01 02:00:00,Thursday,530
2006-05-01 17:00:00,Thursday,2834
2006-05-01 18:00:00,Thursday,2754
2006-05-01 19:00:00,Thursday,2968
2006-05-01 20:00:00,Thursday,4018
2006-05-01 21:00:00,Thursday,5056
2006-05-01 22:00:00,Thursday,5792
2006-05-01 23:00:00,Thursday,6062
2006-05-10 00:00:00,Thursday,1402
2006-05-10 01:00:00,Thursday,807
2006-05-10 02:00:00,Thursday,98
2006-05-10 11:00:00,Thursday,351
2006-05-10 12:00:00,Thursday,503
2006-05-10 13:00:00,Thursday,542
2006-05-10 14:00:00,Thursday,593
2006-05-10 15:00:00,Thursday,617
2006-05-10 16:00:00,Thursday,534
2006-05-10 17:00:00,Thursday,634
2006-05-10 18:00:00,Thursday,562
2006-05-10 19:00:00,Thursday,893
2006-05-10 20:00:00,Thursday,1327
2006-05-10 21:00:00,Thursday,1643
2006-05-10 22:00:00,Thursday,1875
2006-05-10 23:00:00,Thursday,1972
2006-05-18 00:00:00,Thursday,2393
2006-05-18 01:00:00,Thursday,1664
2006-05-18 02:00:00,Thursday,227
2006-05-18 11:00:00,Thursday,633
2006-05-18 12:00:00,Thursday,936
2006-05-18 13:00:00,Thursday,967
2006-05-18 14:00:00,Thursday,980
2006-05-18 15:00:00,Thursday,977
2006-05-18 16:00:00,Thursday,1045
2006-05-18 17:00:00,Thursday,1201
2006-05-18 18:00:00,Thursday,1424
2006-05-18 19:00:00,Thursday,1756
2006-05-18 20:00:00,Thursday,2402
2006-05-18 21:00:00,Thursday,2720
2006-05-18 22:00:00,Thursday,2923
2006-05-18 23:00:00,Thursday,2844
2006-05-25 00:00:00,Thursday,2077
2006-05-25 01:00:00,Thursday,1217
2006-05-25 02:00:00,Thursday,145
2006-05-25 11:00:00,Thursday,531
2006-05-25 12:00:00,Thursday,701
2006-05-25 13:00:00,Thursday,705
2006-05-25 14:00:00,Thursday,752
2006-05-25 15:00:00,Thursday,849
2006-05-25 16:00:00,Thursday,905
2006-05-25 17:00:00,Thursday,1055
2006-05-25 18:00:00,Thursday,1135
2006-05-25 19:00:00,Thursday,1286
2006-05-25 20:00:00,Thursday,2204
2006-05-25 21:00:00,Thursday,2616
2006-05-25 22:00:00,Thursday,2678
2006-05-25 23:00:00,Thursday,2549
2006-06-04 00:00:00,Thursday,4272
2006-06-04 01:00:00,Thursday,2624
2006-06-04 11:00:00,Thursday,1610
2006-06-04 12:00:00,Thursday,1972
2006-06-04 13:00:00,Thursday,1714
2006-06-04 14:00:00,Thursday,2172
2006-06-04 15:00:00,Thursday,2328
2006-06-04 16:00:00,Thursday,2492
2006-06-04 17:00:00,Thursday,2788
2006-06-04 18:00:00,Thursday,2902
2006-06-04 19:00:00,Thursday,3606
2006-06-04 20:00:00,Thursday,4774
2006-06-04 21:00:00,Thursday,5864
2006-06-04 22:00:00,Thursday,6190
2006-06-04 23:00:00,Thursday,5852
2006-06-07 00:00:00,Thursday,1739
2006-06-07 01:00:00,Thursday,1137
2006-06-07 11:00:00,Thursday,812
2006-06-07 12:00:00,Thursday,860
2006-06-07 13:00:00,Thursday,977
2006-06-07 14:00:00,Thursday,994
2006-06-07 15:00:00,Thursday,1044
2006-06-07 16:00:00,Thursday,1041
2006-06-07 17:00:00,Thursday,993
2006-06-07 18:00:00,Thursday,904
2006-06-07 19:00:00,Thursday,1363
2006-06-07 20:00:00,Thursday,1996
2006-06-07 21:00:00,Thursday,2304
2006-06-07 22:00:00,Thursday,2491
2006-06-07 23:00:00,Thursday,2460
2006-06-15 00:00:00,Thursday,1895
2006-06-15 01:00:00,Thursday,1290
2006-06-15 11:00:00,Thursday,650
2006-06-15 12:00:00,Thursday,637
2006-06-15 13:00:00,Thursday,763
2006-06-15 14:00:00,Thursday,738
2006-06-15 15:00:00,Thursday,822
2006-06-15 16:00:00,Thursday,902
2006-06-15 17:00:00,Thursday,992
2006-06-15 18:00:00,Thursday,936
2006-06-15 19:00:00,Thursday,1192
2006-06-15 20:00:00,Thursday,2119
2006-06-15 21:00:00,Thursday,2445
2006-06-15 22:00:00,Thursday,2138
2006-06-15 23:00:00,Thursday,2449
2006-06-22 00:00:00,Thursday,1970
2006-06-22 01:00:00,Thursday,1188
2006-06-22 13:00:00,Thursday,135
2006-06-22 14:00:00,Thursday,660
2006-06-22 15:00:00,Thursday,913
2006-06-22 16:00:00,Thursday,1044
2006-06-22 17:00:00,Thursday,1040
2006-06-22 18:00:00,Thursday,880
2006-06-22 19:00:00,Thursday,1427
2006-06-22 20:00:00,Thursday,1895
2006-06-22 21:00:00,Thursday,2229
2006-06-22 22:00:00,Thursday,2373
2006-06-22 23:00:00,Thursday,2294
2006-06-29 00:00:00,Thursday,1917
2006-06-29 01:00:00,Thursday,1206
2006-06-29 02:00:00,Thursday,31
2006-06-29 12:00:00,Thursday,650
2006-06-29 13:00:00,Thursday,851
2006-06-29 14:00:00,Thursday,905
2006-06-29 15:00:00,Thursday,931
2006-06-29 16:00:00,Thursday,968
2006-06-29 17:00:00,Thursday,930
2006-06-29 18:00:00,Thursday,1020
2006-06-29 19:00:00,Thursday,1380
2006-06-29 20:00:00,Thursday,2028
2006-06-29 21:00:00,Thursday,2373
2006-06-29 22:00:00,Thursday,2580
2006-06-29 23:00:00,Thursday,2114
2006-07-09 00:00:00,Thursday,1664
2006-07-09 01:00:00,Thursday,1131
2006-07-09 11:00:00,Thursday,535
2006-07-09 12:00:00,Thursday,658
2006-07-09 13:00:00,Thursday,682
2006-07-09 14:00:00,Thursday,696
2006-07-09 15:00:00,Thursday,686
2006-07-09 16:00:00,Thursday,770
2006-07-09 17:00:00,Thursday,850
2006-07-09 18:00:00,Thursday,1030
2006-07-09 19:00:00,Thursday,1303
2006-07-09 20:00:00,Thursday,1789
2006-07-09 21:00:00,Thursday,2153
2006-07-09 22:00:00,Thursday,2366
2006-07-09 23:00:00,Thursday,2371
2006-07-12 00:00:00,Thursday,2338
2006-07-12 01:00:00,Thursday,1232
2006-07-12 02:00:00,Thursday,184
2006-07-12 11:00:00,Thursday,715
2006-07-12 12:00:00,Thursday,912
2006-07-12 13:00:00,Thursday,1021
2006-07-12 14:00:00,Thursday,1131
2006-07-12 15:00:00,Thursday,1136
2006-07-12 16:00:00,Thursday,1227
2006-07-12 17:00:00,Thursday,1299
2006-07-12 18:00:00,Thursday,1467
2006-07-12 19:00:00,Thursday,2086
2006-07-12 20:00:00,Thursday,2860
2006-07-12 21:00:00,Thursday,3242
2006-07-12 22:00:00,Thursday,2858
2006-07-12 23:00:00,Thursday,3322
2006-07-13 00:00:00,Thursday,1823
2006-07-13 01:00:00,Thursday,1101
2006-07-13 13:00:00,Thursday,747
2006-07-13 14:00:00,Thursday,1044
2006-07-13 15:00:00,Thursday,1167
2006-07-13 16:00:00,Thursday,1181
2006-07-13 17:00:00,Thursday,1124
2006-07-13 18:00:00,Thursday,1210
2006-07-13 19:00:00,Thursday,1554
2006-07-13 20:00:00,Thursday,2139
2006-07-13 21:00:00,Thursday,2109
2006-07-13 22:00:00,Thursday,2684
2006-07-13 23:00:00,Thursday,2620
2006-07-20 00:00:00,Thursday,1807
2006-07-20 01:00:00,Thursday,1042
2006-07-20 02:00:00,Thursday,130
2006-07-20 11:00:00,Thursday,605
2006-07-20 12:00:00,Thursday,805
2006-07-20 13:00:00,Thursday,839
2006-07-20 14:00:00,Thursday,774
2006-07-20 15:00:00,Thursday,719
2006-07-20 16:00:00,Thursday,817
2006-07-20 17:00:00,Thursday,823
2006-07-20 18:00:00,Thursday,913
2006-07-20 19:00:00,Thursday,1272
2006-07-20 20:00:00,Thursday,1848
2006-07-20 21:00:00,Thursday,2191
2006-07-20 22:00:00,Thursday,2325
2006-07-20 23:00:00,Thursday,2166
2006-07-27 00:00:00,Thursday,1995
2006-07-27 01:00:00,Thursday,1277
2006-07-27 02:00:00,Thursday,167
2006-07-27 11:00:00,Thursday,560
2006-07-27 12:00:00,Thursday,731
2006-07-27 13:00:00,Thursday,815
2006-07-27 14:00:00,Thursday,966
2006-07-27 15:00:00,Thursday,791
2006-07-27 16:00:00,Thursday,1011
2006-07-27 17:00:00,Thursday,1042
2006-07-27 18:00:00,Thursday,1090
2006-07-27 19:00:00,Thursday,1464
2006-07-27 20:00:00,Thursday,1696
2006-07-27 21:00:00,Thursday,2414
2006-07-27 22:00:00,Thursday,2546
2006-07-27 23:00:00,Thursday,2443
2006-08-06 00:00:00,Thursday,1899
2006-08-06 01:00:00,Thursday,1134
2006-08-06 11:00:00,Thursday,716
2006-08-06 12:00:00,Thursday,825
2006-08-06 13:00:00,Thursday,775
2006-08-06 14:00:00,Thursday,833
2006-08-06 15:00:00,Thursday,863
2006-08-06 16:00:00,Thursday,666
2006-08-06 17:00:00,Thursday,988
2006-08-06 18:00:00,Thursday,1160
2006-08-06 19:00:00,Thursday,1647
2006-08-06 20:00:00,Thursday,2266
2006-08-06 21:00:00,Thursday,2621
2006-08-06 22:00:00,Thursday,2835
2006-08-06 23:00:00,Thursday,2666
2006-08-17 00:00:00,Thursday,1739
2006-08-17 01:00:00,Thursday,1005
2006-08-17 11:00:00,Thursday,594
2006-08-17 12:00:00,Thursday,706
2006-08-17 13:00:00,Thursday,607
2006-08-17 14:00:00,Thursday,798
2006-08-17 15:00:00,Thursday,846
2006-08-17 16:00:00,Thursday,875
2006-08-17 17:00:00,Thursday,855
2006-08-17 18:00:00,Thursday,870
2006-08-17 19:00:00,Thursday,1250
2006-08-17 20:00:00,Thursday,1961
2006-08-17 21:00:00,Thursday,2338
2006-08-17 22:00:00,Thursday,2498
2006-08-17 23:00:00,Thursday,2436
2006-08-24 00:00:00,Thursday,1960
2006-08-24 01:00:00,Thursday,1124
2006-08-24 11:00:00,Thursday,589
2006-08-24 12:00:00,Thursday,669
2006-08-24 13:00:00,Thursday,739
2006-08-24 14:00:00,Thursday,820
2006-08-24 15:00:00,Thursday,856
2006-08-24 16:00:00,Thursday,915
2006-08-24 17:00:00,Thursday,971
2006-08-24 18:00:00,Thursday,1035
2006-08-24 19:00:00,Thursday,1403
2006-08-24 20:00:00,Thursday,1926
2006-08-24 21:00:00,Thursday,2261
2006-08-24 22:00:00,Thursday,2442
2006-08-24 23:00:00,Thursday,2329
2006-08-31 00:00:00,Thursday,1616
2006-08-31 01:00:00,Thursday,1013
2006-08-31 14:00:00,Thursday,716
2006-08-31 15:00:00,Thursday,769
2006-08-31 16:00:00,Thursday,824
2006-08-31 17:00:00,Thursday,862
2006-08-31 18:00:00,Thursday,935
2006-08-31 19:00:00,Thursday,1201
2006-08-31 20:00:00,Thursday,1732
2006-08-31 21:00:00,Thursday,2060
2006-08-31 22:00:00,Thursday,2226
2006-08-31 23:00:00,Thursday,2014
2006-09-02 00:00:00,Thursday,5274
2006-09-02 01:00:00,Thursday,4194
2006-09-02 17:00:00,Thursday,1868
2006-09-02 18:00:00,Thursday,3202
2006-09-02 19:00:00,Thursday,3972
2006-09-02 20:00:00,Thursday,5052
2006-09-02 21:00:00,Thursday,6084
2006-09-02 22:00:00,Thursday,6732
2006-09-02 23:00:00,Thursday,6428
2006-09-03 00:00:00,Thursday,4588
2006-09-03 01:00:00,Thursday,2984
2006-09-03 11:00:00,Thursday,1716
2006-09-03 12:00:00,Thursday,1914
2006-09-03 13:00:00,Thursday,1576
2006-09-03 14:00:00,Thursday,1982
2006-09-03 15:00:00,Thursday,2252
2006-09-03 16:00:00,Thursday,2330
2006-09-03 17:00:00,Thursday,2536
2006-09-03 18:00:00,Thursday,2860
2006-09-03 19:00:00,Thursday,3632
2006-09-03 20:00:00,Thursday,4998
2006-09-03 21:00:00,Thursday,5712
2006-09-03 22:00:00,Thursday,6116
2006-09-03 23:00:00,Thursday,5856
2006-09-11 00:00:00,Thursday,2110
2006-09-11 01:00:00,Thursday,1096
2006-09-11 11:00:00,Thursday,884
2006-09-11 12:00:00,Thursday,1106
2006-09-11 13:00:00,Thursday,1134
2006-09-11 14:00:00,Thursday,1174
2006-09-11 15:00:00,Thursday,1125
2006-09-11 16:00:00,Thursday,1210
2006-09-11 17:00:00,Thursday,1351
2006-09-11 18:00:00,Thursday,1616
2006-09-11 19:00:00,Thursday,2326
2006-09-11 20:00:00,Thursday,2923
2006-09-11 21:00:00,Thursday,3211
2006-09-11 22:00:00,Thursday,3406
2006-09-11 23:00:00,Thursday,2824
2006-09-14 00:00:00,Thursday,1627
2006-09-14 01:00:00,Thursday,1035
2006-09-14 11:00:00,Thursday,397
2006-09-14 12:00:00,Thursday,554
2006-09-14 13:00:00,Thursday,583
2006-09-14 14:00:00,Thursday,627
2006-09-14 15:00:00,Thursday,668
2006-09-14 16:00:00,Thursday,731
2006-09-14 17:00:00,Thursday,724
2006-09-14 18:00:00,Thursday,840
2006-09-14 19:00:00,Thursday,1180
2006-09-14 20:00:00,Thursday,1725
2006-09-14 21:00:00,Thursday,1944
2006-09-14 22:00:00,Thursday,2126
2006-09-14 23:00:00,Thursday,2079
2006-09-21 00:00:00,Thursday,1558
2006-09-21 01:00:00,Thursday,780
2006-09-21 11:00:00,Thursday,428
2006-09-21 12:00:00,Thursday,513
2006-09-21 13:00:00,Thursday,507
2006-09-21 14:00:00,Thursday,554
2006-09-21 15:00:00,Thursday,602
2006-09-21 16:00:00,Thursday,706
2006-09-21 17:00:00,Thursday,737
2006-09-21 18:00:00,Thursday,808
2006-09-21 19:00:00,Thursday,1224
2006-09-21 20:00:00,Thursday,1778
2006-09-21 21:00:00,Thursday,1728
2006-09-21 22:00:00,Thursday,2187
2006-09-21 23:00:00,Thursday,2136
2006-09-28 00:00:00,Thursday,1529
2006-09-28 01:00:00,Thursday,924
2006-09-28 14:00:00,Thursday,570
2006-09-28 15:00:00,Thursday,614
2006-09-28 16:00:00,Thursday,621
2006-09-28 17:00:00,Thursday,562
2006-09-28 18:00:00,Thursday,568
2006-09-28 19:00:00,Thursday,1001
2006-09-28 20:00:00,Thursday,1541
2006-09-28 21:00:00,Thursday,1882
2006-09-28 22:00:00,Thursday,2006
2006-09-28 23:00:00,Thursday,1948
2006-10-08 00:00:00,Thursday,1789
2006-10-08 01:00:00,Thursday,983
2006-10-08 02:00:00,Thursday,127
2006-10-08 11:00:00,Thursday,569
2006-10-08 12:00:00,Thursday,745
2006-10-08 13:00:00,Thursday,771
2006-10-08 14:00:00,Thursday,838
2006-10-08 15:00:00,Thursday,907
2006-10-08 16:00:00,Thursday,747
2006-10-08 17:00:00,Thursday,961
2006-10-08 18:00:00,Thursday,972
2006-10-08 19:00:00,Thursday,1306
2006-10-08 20:00:00,Thursday,1977
2006-10-08 21:00:00,Thursday,2026
2006-10-08 22:00:00,Thursday,2516
2006-10-08 23:00:00,Thursday,2396
2006-10-19 00:00:00,Thursday,1391
2006-10-19 01:00:00,Thursday,846
2006-10-19 11:00:00,Thursday,399
2006-10-19 12:00:00,Thursday,510
2006-10-19 13:00:00,Thursday,494
2006-10-19 14:00:00,Thursday,473
2006-10-19 15:00:00,Thursday,454
2006-10-19 16:00:00,Thursday,478
2006-10-19 17:00:00,Thursday,528
2006-10-19 18:00:00,Thursday,569
2006-10-19 19:00:00,Thursday,1034
2006-10-19 20:00:00,Thursday,1659
2006-10-19 21:00:00,Thursday,1977
2006-10-19 22:00:00,Thursday,2155
2006-10-19 23:00:00,Thursday,2080
2006-10-26 00:00:00,Thursday,1422
2006-10-26 01:00:00,Thursday,810
2006-10-26 11:00:00,Thursday,372
2006-10-26 12:00:00,Thursday,406
2006-10-26 13:00:00,Thursday,400
2006-10-26 14:00:00,Thursday,474
2006-10-26 15:00:00,Thursday,530
2006-10-26 16:00:00,Thursday,538
2006-10-26 17:00:00,Thursday,606
2006-10-26 18:00:00,Thursday,643
2006-10-26 19:00:00,Thursday,1118
2006-10-26 20:00:00,Thursday,1623
2006-10-26 21:00:00,Thursday,952
2006-10-26 22:00:00,Thursday,2112
2006-10-26 23:00:00,Thursday,2039
2006-11-05 00:00:00,Thursday,4080
2006-11-05 01:00:00,Thursday,3438
2006-11-05 02:00:00,Thursday,258
2006-11-05 11:00:00,Thursday,1438
2006-11-05 12:00:00,Thursday,1908
2006-11-05 13:00:00,Thursday,1936
2006-11-05 14:00:00,Thursday,2044
2006-11-05 15:00:00,Thursday,2134
2006-11-05 16:00:00,Thursday,2204
2006-11-05 17:00:00,Thursday,2404
2006-11-05 18:00:00,Thursday,2826
2006-11-05 19:00:00,Thursday,3368
2006-11-05 20:00:00,Thursday,4310
2006-11-05 21:00:00,Thursday,5288
2006-11-05 22:00:00,Thursday,5738
2006-11-05 23:00:00,Thursday,5556
2006-11-16 00:00:00,Thursday,2039
2006-11-16 01:00:00,Thursday,1395
2006-11-16 11:00:00,Thursday,823
2006-11-16 12:00:00,Thursday,940
2006-11-16 13:00:00,Thursday,1027
2006-11-16 14:00:00,Thursday,1076
2006-11-16 15:00:00,Thursday,1167
2006-11-16 16:00:00,Thursday,1267
2006-11-16 17:00:00,Thursday,1319
2006-11-16 18:00:00,Thursday,1217
2006-11-16 19:00:00,Thursday,2278
2006-11-16 20:00:00,Thursday,3031
2006-11-16 21:00:00,Thursday,3419
2006-11-16 22:00:00,Thursday,3582
2006-11-16 23:00:00,Thursday,3459
2006-11-23 00:00:00,Thursday,2351
2006-11-23 01:00:00,Thursday,1179
2006-11-23 02:00:00,Thursday,181
2006-11-23 11:00:00,Thursday,738
2006-11-23 12:00:00,Thursday,926
2006-11-23 13:00:00,Thursday,978
2006-11-23 14:00:00,Thursday,1004
2006-11-23 15:00:00,Thursday,1000
2006-11-23 16:00:00,Thursday,1030
2006-11-23 17:00:00,Thursday,1238
2006-11-23 18:00:00,Thursday,1510
2006-11-23 19:00:00,Thursday,2134
2006-11-23 20:00:00,Thursday,2944
2006-11-23 21:00:00,Thursday,3370
2006-11-23 22:00:00,Thursday,3538
2006-11-23 23:00:00,Thursday,3456
2006-11-30 00:00:00,Thursday,2095
2006-11-30 01:00:00,Thursday,1429
2006-11-30 02:00:00,Thursday,73
2006-11-30 11:00:00,Thursday,755
2006-11-30 12:00:00,Thursday,871
2006-11-30 13:00:00,Thursday,971
2006-11-30 14:00:00,Thursday,1076
2006-11-30 15:00:00,Thursday,1110
2006-11-30 16:00:00,Thursday,1153
2006-11-30 17:00:00,Thursday,1193
2006-11-30 18:00:00,Thursday,1174
2006-11-30 19:00:00,Thursday,1982
2006-11-30 20:00:00,Thursday,2714
2006-11-30 21:00:00,Thursday,3167
2006-11-30 22:00:00,Thursday,3329
2006-11-30 23:00:00,Thursday,3232
2006-12-01 00:00:00,Thursday,5540
2006-12-01 01:00:00,Thursday,3874
2006-12-01 12:00:00,Thursday,1448
2006-12-01 13:00:00,Thursday,2488
2006-12-01 14:00:00,Thursday,1822
2006-12-01 15:00:00,Thursday,2496
2006-12-01 16:00:00,Thursday,3190
2006-12-01 17:00:00,Thursday,2676
2006-12-01 18:00:00,Thursday,3200
2006-12-01 19:00:00,Thursday,3656
2006-12-01 20:00:00,Thursday,4476
2006-12-01 21:00:00,Thursday,5504
2006-12-01 22:00:00,Thursday,5304
2006-12-01 23:00:00,Thursday,6572
2006-12-10 00:00:00,Thursday,1571
2006-12-10 01:00:00,Thursday,880
2006-12-10 11:00:00,Thursday,220
2006-12-10 12:00:00,Thursday,507
2006-12-10 13:00:00,Thursday,532
2006-12-10 14:00:00,Thursday,485
2006-12-10 15:00:00,Thursday,552
2006-12-10 16:00:00,Thursday,627
2006-12-10 17:00:00,Thursday,648
2006-12-10 18:00:00,Thursday,749
2006-12-10 19:00:00,Thursday,1026
2006-12-10 20:00:00,Thursday,1587
2006-12-10 21:00:00,Thursday,1618
2006-12-10 22:00:00,Thursday,2109
2006-12-10 23:00:00,Thursday,2008
2006-12-14 00:00:00,Thursday,2132
2006-12-14 01:00:00,Thursday,1209
2006-12-14 02:00:00,Thursday,168
2006-12-14 11:00:00,Thursday,695
2006-12-14 12:00:00,Thursday,964
2006-12-14 13:00:00,Thursday,950
2006-12-14 14:00:00,Thursday,1008
2006-12-14 15:00:00,Thursday,1136
2006-12-14 16:00:00,Thursday,1167
2006-12-14 17:00:00,Thursday,1216
2006-12-14 18:00:00,Thursday,1476
2006-12-14 19:00:00,Thursday,2041
2006-12-14 20:00:00,Thursday,2989
2006-12-14 21:00:00,Thursday,3379
2006-12-14 22:00:00,Thursday,3457
2006-12-14 23:00:00,Thursday,3369
2006-12-21 00:00:00,Thursday,1938
2006-12-21 01:00:00,Thursday,1056
2006-12-21 02:00:00,Thursday,126
2006-12-21 11:00:00,Thursday,692
2006-12-21 12:00:00,Thursday,832
2006-12-21 13:00:00,Thursday,928
2006-12-21 14:00:00,Thursday,1019
2006-12-21 15:00:00,Thursday,1013
2006-12-21 16:00:00,Thursday,1128
2006-12-21 17:00:00,Thursday,1104
2006-12-21 18:00:00,Thursday,1310
2006-12-21 19:00:00,Thursday,1852
2006-12-21 20:00:00,Thursday,2584
2006-12-21 21:00:00,Thursday,3011
2006-12-21 22:00:00,Thursday,3094
2006-12-21 23:00:00,Thursday,2920
2006-12-28 00:00:00,Thursday,1757
2006-12-28 01:00:00,Thursday,1072
2006-12-28 02:00:00,Thursday,94
2006-12-28 11:00:00,Thursday,644
2006-12-28 12:00:00,Thursday,848
2006-12-28 13:00:00,Thursday,939
2006-12-28 14:00:00,Thursday,983
2006-12-28 15:00:00,Thursday,831
2006-12-28 16:00:00,Thursday,1048
2006-12-28 17:00:00,Thursday,1095
2006-12-28 18:00:00,Thursday,1312
2006-12-28 19:00:00,Thursday,1854
2006-12-28 20:00:00,Thursday,2652
2006-12-28 21:00:00,Thursday,2485
2006-12-28 22:00:00,Thursday,3158
2006-12-28 23:00:00,Thursday,2995
2007-01-02 00:00:00,Thursday,2050
2007-01-02 01:00:00,Thursday,948
2007-01-02 11:00:00,Thursday,640
2007-01-02 12:00:00,Thursday,852
2007-01-02 13:00:00,Thursday,943
2007-01-02 14:00:00,Thursday,948
2007-01-02 15:00:00,Thursday,976
2007-01-02 16:00:00,Thursday,1066
2007-01-02 17:00:00,Thursday,1042
2007-01-02 18:00:00,Thursday,1230
2007-01-02 19:00:00,Thursday,1831
2007-01-02 20:00:00,Thursday,2587
2007-01-02 21:00:00,Thursday,2912
2007-01-02 22:00:00,Thursday,3083
2007-01-02 23:00:00,Thursday,2927
2007-01-03 15:00:00,Thursday,52
2007-01-03 16:00:00,Thursday,600
2007-01-03 17:00:00,Thursday,862
2007-01-03 18:00:00,Thursday,1111
2007-01-03 19:00:00,Thursday,1697
2007-01-03 20:00:00,Thursday,2505
2007-01-03 21:00:00,Thursday,2785
2007-01-03 22:00:00,Thursday,2905
2007-01-03 23:00:00,Thursday,2736
2007-01-11 00:00:00,Thursday,2699
2007-01-11 01:00:00,Thursday,1684
2007-01-11 02:00:00,Thursday,205
2007-01-11 11:00:00,Thursday,908
2007-01-11 12:00:00,Thursday,1263
2007-01-11 13:00:00,Thursday,1316
2007-01-11 14:00:00,Thursday,1398
2007-01-11 15:00:00,Thursday,1470
2007-01-11 16:00:00,Thursday,1469
2007-01-11 17:00:00,Thursday,1541
2007-01-11 18:00:00,Thursday,1706
2007-01-11 19:00:00,Thursday,2558
2007-01-11 20:00:00,Thursday,3607
2007-01-11 21:00:00,Thursday,4155
2007-01-11 22:00:00,Thursday,4408
2007-01-11 23:00:00,Thursday,3465
2007-01-18 00:00:00,Thursday,1844
2007-01-18 01:00:00,Thursday,1247
2007-01-18 02:00:00,Thursday,105
2007-01-18 11:00:00,Thursday,687
2007-01-18 12:00:00,Thursday,711
2007-01-18 13:00:00,Thursday,984
2007-01-18 14:00:00,Thursday,1041
2007-01-18 15:00:00,Thursday,1075
2007-01-18 16:00:00,Thursday,1010
2007-01-18 17:00:00,Thursday,1009
2007-01-18 18:00:00,Thursday,1208
2007-01-18 19:00:00,Thursday,1842
2007-01-18 20:00:00,Thursday,2679
2007-01-18 21:00:00,Thursday,2962
2007-01-18 22:00:00,Thursday,3071
2007-01-18 23:00:00,Thursday,2937
2007-01-25 00:00:00,Thursday,2107
2007-01-25 01:00:00,Thursday,1003
2007-01-25 11:00:00,Thursday,598
2007-01-25 12:00:00,Thursday,889
2007-01-25 13:00:00,Thursday,896
2007-01-25 14:00:00,Thursday,1000
2007-01-25 15:00:00,Thursday,1043
2007-01-25 16:00:00,Thursday,1083
2007-01-25 17:00:00,Thursday,1195
2007-01-25 18:00:00,Thursday,1273
2007-01-25 19:00:00,Thursday,1861
2007-01-25 20:00:00,Thursday,2648
2007-01-25 21:00:00,Thursday,3056
2007-01-25 22:00:00,Thursday,3205
2007-01-25 23:00:00,Thursday,2993
2007-02-08 00:00:00,Thursday,2842
2007-02-08 01:00:00,Thursday,1833
2007-02-08 02:00:00,Thursday,235
2007-02-08 11:00:00,Thursday,1210
2007-02-08 12:00:00,Thursday,1545
2007-02-08 13:00:00,Thursday,1613
2007-02-08 14:00:00,Thursday,1741
2007-02-08 15:00:00,Thursday,1756
2007-02-08 16:00:00,Thursday,1832
2007-02-08 17:00:00,Thursday,1757
2007-02-08 18:00:00,Thursday,2058
2007-02-08 19:00:00,Thursday,2668
2007-02-08 20:00:00,Thursday,3571
2007-02-08 21:00:00,Thursday,3957
2007-02-08 22:00:00,Thursday,4124
2007-02-08 23:00:00,Thursday,3963
2007-02-15 00:00:00,Thursday,1929
2007-02-15 01:00:00,Thursday,1302
2007-02-15 11:00:00,Thursday,917
2007-02-15 12:00:00,Thursday,924
2007-02-15 13:00:00,Thursday,1003
2007-02-15 14:00:00,Thursday,1026
2007-02-15 15:00:00,Thursday,1026
2007-02-15 16:00:00,Thursday,967
2007-02-15 17:00:00,Thursday,970
2007-02-15 18:00:00,Thursday,1098
2007-02-15 19:00:00,Thursday,1286
2007-02-15 20:00:00,Thursday,2113
2007-02-15 21:00:00,Thursday,2395
2007-02-15 22:00:00,Thursday,2479
2007-02-15 23:00:00,Thursday,2379
2007-02-22 00:00:00,Thursday,1674
2007-02-22 01:00:00,Thursday,1262
2007-02-22 11:00:00,Thursday,1087
2007-02-22 12:00:00,Thursday,1305
2007-02-22 13:00:00,Thursday,1122
2007-02-22 14:00:00,Thursday,1489
2007-02-22 15:00:00,Thursday,1631
2007-02-22 16:00:00,Thursday,1406
2007-02-22 17:00:00,Thursday,1600
2007-02-22 18:00:00,Thursday,1535
2007-02-22 19:00:00,Thursday,1722
2007-02-22 20:00:00,Thursday,2079
2007-02-22 21:00:00,Thursday,2363
2007-02-22 22:00:00,Thursday,2035
2007-02-22 23:00:00,Thursday,2477
2007-03-05 00:00:00,Thursday,2453
2007-03-05 01:00:00,Thursday,2099
2007-03-05 11:00:00,Thursday,1194
2007-03-05 12:00:00,Thursday,1597
2007-03-05 13:00:00,Thursday,1705
2007-03-05 14:00:00,Thursday,1796
2007-03-05 15:00:00,Thursday,1791
2007-03-05 16:00:00,Thursday,1870
2007-03-05 17:00:00,Thursday,1969
2007-03-05 18:00:00,Thursday,1060
2007-03-05 19:00:00,Thursday,2579
2007-03-05 20:00:00,Thursday,2965
2007-03-05 21:00:00,Thursday,3386
2007-03-05 22:00:00,Thursday,3619
2007-03-05 23:00:00,Thursday,3708
2007-03-15 00:00:00,Thursday,1915
2007-03-15 01:00:00,Thursday,1115
2007-03-15 02:00:00,Thursday,59
2007-03-15 11:00:00,Thursday,522
2007-03-15 12:00:00,Thursday,626
2007-03-15 13:00:00,Thursday,587
2007-03-15 14:00:00,Thursday,696
2007-03-15 15:00:00,Thursday,820
2007-03-15 16:00:00,Thursday,837
2007-03-15 17:00:00,Thursday,835
2007-03-15 18:00:00,Thursday,1103
2007-03-15 19:00:00,Thursday,1657
2007-03-15 20:00:00,Thursday,2347
2007-03-15 21:00:00,Thursday,2640
2007-03-15 22:00:00,Thursday,2814
2007-03-15 23:00:00,Thursday,2756
2007-03-29 00:00:00,Thursday,2252
2007-03-29 01:00:00,Thursday,1543
2007-03-29 02:00:00,Thursday,119
2007-03-29 11:00:00,Thursday,393
2007-03-29 12:00:00,Thursday,826
2007-03-29 13:00:00,Thursday,949
2007-03-29 14:00:00,Thursday,972
2007-03-29 15:00:00,Thursday,1139
2007-03-29 16:00:00,Thursday,1052
2007-03-29 17:00:00,Thursday,1225
2007-03-29 18:00:00,Thursday,1562
2007-03-29 19:00:00,Thursday,1904
2007-03-29 20:00:00,Thursday,2573
2007-03-29 21:00:00,Thursday,3005
2007-03-29 22:00:00,Thursday,3291
2007-03-29 23:00:00,Thursday,3047
2007-04-01 00:00:00,Thursday,2015
2007-04-01 01:00:00,Thursday,1171
2007-04-01 11:00:00,Thursday,758
2007-04-01 12:00:00,Thursday,697
2007-04-01 13:00:00,Thursday,873
2007-04-01 14:00:00,Thursday,859
2007-04-01 15:00:00,Thursday,862
2007-04-01 16:00:00,Thursday,953
2007-04-01 17:00:00,Thursday,985
2007-04-01 18:00:00,Thursday,1220
2007-04-01 19:00:00,Thursday,1826
2007-04-01 20:00:00,Thursday,2693
2007-04-01 21:00:00,Thursday,2996
2007-04-01 22:00:00,Thursday,3148
2007-04-01 23:00:00,Thursday,3023
2007-04-10 00:00:00,Thursday,2906
2007-04-10 01:00:00,Thursday,1809
2007-04-10 11:00:00,Thursday,254
2007-04-10 12:00:00,Thursday,1168
2007-04-10 13:00:00,Thursday,1372
2007-04-10 14:00:00,Thursday,1367
2007-04-10 15:00:00,Thursday,1419
2007-04-10 16:00:00,Thursday,1534
2007-04-10 17:00:00,Thursday,1561
2007-04-10 18:00:00,Thursday,1779
2007-04-10 19:00:00,Thursday,2326
2007-04-10 20:00:00,Thursday,3146
2007-04-10 21:00:00,Thursday,3646
2007-04-10 22:00:00,Thursday,3897
2007-04-10 23:00:00,Thursday,3692
2007-04-19 00:00:00,Thursday,3015
2007-04-19 01:00:00,Thursday,2178
2007-04-19 02:00:00,Thursday,61
2007-04-19 14:00:00,Thursday,544
2007-04-19 15:00:00,Thursday,1939
2007-04-19 16:00:00,Thursday,1787
2007-04-19 17:00:00,Thursday,2239
2007-04-19 18:00:00,Thursday,2514
2007-04-19 19:00:00,Thursday,2887
2007-04-19 20:00:00,Thursday,3599
2007-04-19 21:00:00,Thursday,4112
2007-04-19 22:00:00,Thursday,4528
2007-04-19 23:00:00,Thursday,4407
2007-04-26 00:00:00,Thursday,3129
2007-04-26 01:00:00,Thursday,2343
2007-04-26 11:00:00,Thursday,1589
2007-04-26 12:00:00,Thursday,1744
2007-04-26 13:00:00,Thursday,1760
2007-04-26 14:00:00,Thursday,1813
2007-04-26 15:00:00,Thursday,1939
2007-04-26 16:00:00,Thursday,2079
2007-04-26 17:00:00,Thursday,2204
2007-04-26 18:00:00,Thursday,2335
2007-04-26 19:00:00,Thursday,2854
2007-04-26 20:00:00,Thursday,3528
2007-04-26 21:00:00,Thursday,4133
2007-04-26 22:00:00,Thursday,4302
2007-04-26 23:00:00,Thursday,4134
2007-05-04 00:00:00,Thursday,4548
2007-05-04 01:00:00,Thursday,3811
2007-05-04 11:00:00,Thursday,3110
2007-05-04 12:00:00,Thursday,2796
2007-05-04 13:00:00,Thursday,3489
2007-05-04 14:00:00,Thursday,2979
2007-05-04 15:00:00,Thursday,3707
2007-05-04 16:00:00,Thursday,3816
2007-05-04 17:00:00,Thursday,3200
2007-05-04 18:00:00,Thursday,3651
2007-05-04 19:00:00,Thursday,3038
2007-05-04 20:00:00,Thursday,3395
2007-05-04 21:00:00,Thursday,4362
2007-05-04 22:00:00,Thursday,4474
2007-05-04 23:00:00,Thursday,4269
2007-05-07 00:00:00,Thursday,2837
2007-05-07 01:00:00,Thursday,1901
2007-05-07 11:00:00,Thursday,1271
2007-05-07 12:00:00,Thursday,1411
2007-05-07 13:00:00,Thursday,1573
2007-05-07 14:00:00,Thursday,1540
2007-05-07 15:00:00,Thursday,1659
2007-05-07 16:00:00,Thursday,1728
2007-05-07 17:00:00,Thursday,1436
2007-05-07 18:00:00,Thursday,1801
2007-05-07 19:00:00,Thursday,2493
2007-05-07 20:00:00,Thursday,3370
2007-05-07 21:00:00,Thursday,3686
2007-05-07 22:00:00,Thursday,4048
2007-05-07 23:00:00,Thursday,3957
2007-05-17 00:00:00,Thursday,2656
2007-05-17 01:00:00,Thursday,1944
2007-05-17 02:00:00,Thursday,59
2007-05-17 11:00:00,Thursday,1356
2007-05-17 12:00:00,Thursday,1566
2007-05-17 13:00:00,Thursday,1611
2007-05-17 14:00:00,Thursday,1613
2007-05-17 15:00:00,Thursday,1623
2007-05-17 16:00:00,Thursday,1637
2007-05-17 17:00:00,Thursday,1772
2007-05-17 18:00:00,Thursday,2095
2007-05-17 19:00:00,Thursday,2446
2007-05-17 20:00:00,Thursday,2852
2007-05-17 21:00:00,Thursday,2591
2007-05-17 22:00:00,Thursday,3311
2007-05-17 23:00:00,Thursday,2764
2007-05-24 00:00:00,Thursday,2644
2007-05-24 01:00:00,Thursday,2034
2007-05-24 02:00:00,Thursday,270
2007-05-24 12:00:00,Thursday,1025
2007-05-24 13:00:00,Thursday,1186
2007-05-24 14:00:00,Thursday,1233
2007-05-24 15:00:00,Thursday,1355
2007-05-24 16:00:00,Thursday,1420
2007-05-24 17:00:00,Thursday,1421
2007-05-24 18:00:00,Thursday,1519
2007-05-24 19:00:00,Thursday,1733
2007-05-24 20:00:00,Thursday,2068
2007-05-24 21:00:00,Thursday,2375
2007-05-24 22:00:00,Thursday,2609
2007-05-24 23:00:00,Thursday,2589
2007-05-31 13:00:00,Thursday,1094
2007-05-31 14:00:00,Thursday,1436
2007-05-31 15:00:00,Thursday,1579
2007-05-31 16:00:00,Thursday,1645
2007-05-31 17:00:00,Thursday,1753
2007-05-31 18:00:00,Thursday,2029
2007-05-31 19:00:00,Thursday,2654
2007-05-31 20:00:00,Thursday,3430
2007-05-31 21:00:00,Thursday,4190
2007-05-31 22:00:00,Thursday,4543
2007-05-31 23:00:00,Thursday,4230
2007-06-09 00:00:00,Thursday,2804
2007-06-09 01:00:00,Thursday,1660
2007-06-09 02:00:00,Thursday,117
2007-06-09 11:00:00,Thursday,1170
2007-06-09 12:00:00,Thursday,1338
2007-06-09 13:00:00,Thursday,1160
2007-06-09 14:00:00,Thursday,1365
2007-06-09 15:00:00,Thursday,1378
2007-06-09 16:00:00,Thursday,1525
2007-06-09 17:00:00,Thursday,1662
2007-06-09 18:00:00,Thursday,1935
2007-06-09 19:00:00,Thursday,2506
2007-06-09 20:00:00,Thursday,3391
2007-06-09 21:00:00,Thursday,3954
2007-06-09 22:00:00,Thursday,4082
2007-06-09 23:00:00,Thursday,3880
2007-06-12 00:00:00,Thursday,3042
2007-06-12 01:00:00,Thursday,1915
2007-06-12 11:00:00,Thursday,1069
2007-06-12 12:00:00,Thursday,1200
2007-06-12 13:00:00,Thursday,1244
2007-06-12 14:00:00,Thursday,1048
2007-06-12 15:00:00,Thursday,1222
2007-06-12 16:00:00,Thursday,1450
2007-06-12 17:00:00,Thursday,1758
2007-06-12 18:00:00,Thursday,1933
2007-06-12 19:00:00,Thursday,2551
2007-06-12 20:00:00,Thursday,3602
2007-06-12 21:00:00,Thursday,3494
2007-06-12 22:00:00,Thursday,4489
2007-06-12 23:00:00,Thursday,4204
2007-06-14 00:00:00,Thursday,2905
2007-06-14 01:00:00,Thursday,1961
2007-06-14 02:00:00,Thursday,140
2007-06-14 11:00:00,Thursday,1029
2007-06-14 12:00:00,Thursday,1450
2007-06-14 13:00:00,Thursday,1569
2007-06-14 14:00:00,Thursday,1701
2007-06-14 15:00:00,Thursday,1601
2007-06-14 16:00:00,Thursday,1557
2007-06-14 17:00:00,Thursday,1387
2007-06-14 18:00:00,Thursday,1500
2007-06-14 19:00:00,Thursday,2458
2007-06-14 20:00:00,Thursday,3326
2007-06-14 21:00:00,Thursday,3909
2007-06-14 22:00:00,Thursday,3997
2007-06-14 23:00:00,Thursday,3740
2007-06-21 00:00:00,Thursday,3030
2007-06-21 01:00:00,Thursday,2011
2007-06-21 02:00:00,Thursday,253
2007-06-21 12:00:00,Thursday,827
2007-06-21 13:00:00,Thursday,1113
2007-06-21 14:00:00,Thursday,1437
2007-06-21 15:00:00,Thursday,1539
2007-06-21 16:00:00,Thursday,1635
2007-06-21 17:00:00,Thursday,1583
2007-06-21 18:00:00,Thursday,1699
2007-06-21 19:00:00,Thursday,2340
2007-06-21 20:00:00,Thursday,3230
2007-06-21 21:00:00,Thursday,3762
2007-06-21 22:00:00,Thursday,3983
2007-06-21 23:00:00,Thursday,3883
2007-06-28 00:00:00,Thursday,2730
2007-06-28 01:00:00,Thursday,1945
2007-06-28 11:00:00,Thursday,1202
2007-06-28 12:00:00,Thursday,1342
2007-06-28 13:00:00,Thursday,1450
2007-06-28 14:00:00,Thursday,1574
2007-06-28 15:00:00,Thursday,1371
2007-06-28 16:00:00,Thursday,1761
2007-06-28 17:00:00,Thursday,1609
2007-06-28 18:00:00,Thursday,1952
2007-06-28 19:00:00,Thursday,2451
2007-06-28 20:00:00,Thursday,3257
2007-06-28 21:00:00,Thursday,3833
2007-06-28 22:00:00,Thursday,4048
2007-06-28 23:00:00,Thursday,3770
2007-07-06 00:00:00,Thursday,3258
2007-07-06 01:00:00,Thursday,2333
2007-07-06 11:00:00,Thursday,459
2007-07-06 12:00:00,Thursday,1609
2007-07-06 14:00:00,Thursday,428
2007-07-06 15:00:00,Thursday,1609
2007-07-06 16:00:00,Thursday,1913
2007-07-06 17:00:00,Thursday,1985
2007-07-06 18:00:00,Thursday,2160
2007-07-06 19:00:00,Thursday,2783
2007-07-06 20:00:00,Thursday,3653
2007-07-06 21:00:00,Thursday,4085
2007-07-06 22:00:00,Thursday,3529
2007-07-06 23:00:00,Thursday,3946
2007-07-19 00:00:00,Thursday,2616
2007-07-19 01:00:00,Thursday,1726
2007-07-19 02:00:00,Thursday,98
2007-07-19 11:00:00,Thursday,1152
2007-07-19 12:00:00,Thursday,1364
2007-07-19 13:00:00,Thursday,1444
2007-07-19 14:00:00,Thursday,1487
2007-07-19 15:00:00,Thursday,1605
2007-07-19 16:00:00,Thursday,1238
2007-07-19 17:00:00,Thursday,1653
2007-07-19 18:00:00,Thursday,1676
2007-07-19 19:00:00,Thursday,2258
2007-07-19 20:00:00,Thursday,3094
2007-07-19 21:00:00,Thursday,3717
2007-07-19 22:00:00,Thursday,3995
2007-07-19 23:00:00,Thursday,3893
2007-07-26 00:00:00,Thursday,2977
2007-07-26 01:00:00,Thursday,2001
2007-07-26 02:00:00,Thursday,260
2007-07-26 11:00:00,Thursday,1150
2007-07-26 12:00:00,Thursday,1428
2007-07-26 13:00:00,Thursday,1684
2007-07-26 14:00:00,Thursday,1809
2007-07-26 15:00:00,Thursday,1844
2007-07-26 16:00:00,Thursday,1830
2007-07-26 17:00:00,Thursday,1927
2007-07-26 18:00:00,Thursday,2050
2007-07-26 19:00:00,Thursday,2607
2007-07-26 20:00:00,Thursday,3367
2007-07-26 21:00:00,Thursday,3946
2007-07-26 22:00:00,Thursday,4243
2007-07-26 23:00:00,Thursday,4001
2007-08-02 00:00:00,Thursday,2020
2007-08-02 01:00:00,Thursday,1234
2007-08-02 11:00:00,Thursday,690
2007-08-02 12:00:00,Thursday,883
2007-08-02 13:00:00,Thursday,914
2007-08-02 14:00:00,Thursday,936
2007-08-02 15:00:00,Thursday,964
2007-08-02 16:00:00,Thursday,851
2007-08-02 17:00:00,Thursday,1203
2007-08-02 18:00:00,Thursday,1286
2007-08-02 19:00:00,Thursday,1681
2007-08-02 20:00:00,Thursday,2435
2007-08-02 21:00:00,Thursday,2746
2007-08-02 22:00:00,Thursday,2879
2007-08-02 23:00:00,Thursday,2882
2007-08-03 00:00:00,Thursday,1970
2007-08-03 01:00:00,Thursday,1180
2007-08-03 02:00:00,Thursday,140
2007-08-03 11:00:00,Thursday,486
2007-08-03 12:00:00,Thursday,597
2007-08-03 13:00:00,Thursday,502
2007-08-03 14:00:00,Thursday,708
2007-08-03 15:00:00,Thursday,793
2007-08-03 16:00:00,Thursday,834
2007-08-03 17:00:00,Thursday,936
2007-08-03 18:00:00,Thursday,1045
2007-08-03 19:00:00,Thursday,1366
2007-08-03 20:00:00,Thursday,2397
2007-08-03 21:00:00,Thursday,2888
2007-08-03 22:00:00,Thursday,2988
2007-08-03 23:00:00,Thursday,2786
2007-08-11 00:00:00,Thursday,2668
2007-08-11 01:00:00,Thursday,1697
2007-08-11 02:00:00,Thursday,215
2007-08-11 11:00:00,Thursday,811
2007-08-11 12:00:00,Thursday,999
2007-08-11 13:00:00,Thursday,1035
2007-08-11 14:00:00,Thursday,1217
2007-08-11 15:00:00,Thursday,1310
2007-08-11 16:00:00,Thursday,1394
2007-08-11 17:00:00,Thursday,1461
2007-08-11 18:00:00,Thursday,1538
2007-08-11 19:00:00,Thursday,1795
2007-08-11 20:00:00,Thursday,3194
2007-08-11 21:00:00,Thursday,3763
2007-08-11 22:00:00,Thursday,3895
2007-08-11 23:00:00,Thursday,3616
2007-08-16 00:00:00,Thursday,2531
2007-08-16 01:00:00,Thursday,1988
2007-08-16 02:00:00,Thursday,266
2007-08-16 11:00:00,Thursday,1156
2007-08-16 12:00:00,Thursday,1466
2007-08-16 13:00:00,Thursday,1324
2007-08-16 14:00:00,Thursday,1705
2007-08-16 15:00:00,Thursday,1776
2007-08-16 16:00:00,Thursday,1793
2007-08-16 17:00:00,Thursday,1878
2007-08-16 18:00:00,Thursday,1959
2007-08-16 19:00:00,Thursday,2716
2007-08-16 20:00:00,Thursday,3682
2007-08-16 21:00:00,Thursday,4363
2007-08-16 22:00:00,Thursday,4649
2007-08-16 23:00:00,Thursday,4454
2007-08-23 00:00:00,Thursday,2832
2007-08-23 01:00:00,Thursday,1979
2007-08-23 02:00:00,Thursday,266
2007-08-23 11:00:00,Thursday,1160
2007-08-23 12:00:00,Thursday,1483
2007-08-23 13:00:00,Thursday,1663
2007-08-23 14:00:00,Thursday,1719
2007-08-23 15:00:00,Thursday,1781
2007-08-23 16:00:00,Thursday,1891
2007-08-23 17:00:00,Thursday,1680
2007-08-23 18:00:00,Thursday,1793
2007-08-23 19:00:00,Thursday,2716
2007-08-23 20:00:00,Thursday,3599
2007-08-23 21:00:00,Thursday,4143
2007-08-23 22:00:00,Thursday,4469
2007-08-23 23:00:00,Thursday,4008
2007-08-30 00:00:00,Thursday,2876
2007-08-30 01:00:00,Thursday,1870
2007-08-30 02:00:00,Thursday,118
2007-08-30 11:00:00,Thursday,1217
2007-08-30 12:00:00,Thursday,1435
2007-08-30 13:00:00,Thursday,1586
2007-08-30 14:00:00,Thursday,1657
2007-08-30 15:00:00,Thursday,1655
2007-08-30 16:00:00,Thursday,1697
2007-08-30 17:00:00,Thursday,1748
2007-08-30 18:00:00,Thursday,1951
2007-08-30 19:00:00,Thursday,2742
2007-08-30 20:00:00,Thursday,3604
2007-08-30 21:00:00,Thursday,4201
2007-08-30 22:00:00,Thursday,4210
2007-08-30 23:00:00,Thursday,3801
2007-09-08 00:00:00,Thursday,2851
2007-09-08 01:00:00,Thursday,2026
2007-09-08 11:00:00,Thursday,1113
2007-09-08 12:00:00,Thursday,1542
2007-09-08 13:00:00,Thursday,1822
2007-09-08 14:00:00,Thursday,1791
2007-09-08 15:00:00,Thursday,1826
2007-09-08 16:00:00,Thursday,1919
2007-09-08 17:00:00,Thursday,1914
2007-09-08 18:00:00,Thursday,2125
2007-09-08 19:00:00,Thursday,2812
2007-09-08 20:00:00,Thursday,3838
2007-09-08 21:00:00,Thursday,4288
2007-09-08 22:00:00,Thursday,4513
2007-09-08 23:00:00,Thursday,4288
2007-09-13 00:00:00,Thursday,2181
2007-09-13 01:00:00,Thursday,1695
2007-09-13 11:00:00,Thursday,882
2007-09-13 12:00:00,Thursday,1149
2007-09-13 13:00:00,Thursday,1236
2007-09-13 14:00:00,Thursday,1304
2007-09-13 15:00:00,Thursday,1411
2007-09-13 16:00:00,Thursday,1450
2007-09-13 17:00:00,Thursday,1496
2007-09-13 18:00:00,Thursday,1620
2007-09-13 19:00:00,Thursday,2304
2007-09-13 20:00:00,Thursday,3237
2007-09-13 21:00:00,Thursday,3825
2007-09-13 22:00:00,Thursday,3919
2007-09-13 23:00:00,Thursday,3633
2007-09-20 00:00:00,Thursday,2616
2007-09-20 01:00:00,Thursday,1824
2007-09-20 11:00:00,Thursday,985
2007-09-20 12:00:00,Thursday,1208
2007-09-20 13:00:00,Thursday,1265
2007-09-20 14:00:00,Thursday,1243
2007-09-20 15:00:00,Thursday,1210
2007-09-20 16:00:00,Thursday,1370
2007-09-20 17:00:00,Thursday,1531
2007-09-20 18:00:00,Thursday,1691
2007-09-20 19:00:00,Thursday,1927
2007-09-20 20:00:00,Thursday,3073
2007-09-20 21:00:00,Thursday,3487
2007-09-20 22:00:00,Thursday,3713
2007-09-20 23:00:00,Thursday,3620
2007-09-27 00:00:00,Thursday,2619
2007-09-27 01:00:00,Thursday,1682
2007-09-27 02:00:00,Thursday,211
2007-09-27 14:00:00,Thursday,649
2007-09-27 15:00:00,Thursday,1125
2007-09-27 16:00:00,Thursday,1264
2007-09-27 17:00:00,Thursday,1456
2007-09-27 18:00:00,Thursday,1582
2007-09-27 19:00:00,Thursday,2015
2007-09-27 20:00:00,Thursday,2842
2007-09-27 21:00:00,Thursday,3316
2007-09-27 22:00:00,Thursday,3267
2007-09-27 23:00:00,Thursday,3553
2007-10-05 00:00:00,Thursday,2749
2007-10-05 01:00:00,Thursday,2072
2007-10-05 15:00:00,Thursday,787
2007-10-05 16:00:00,Thursday,1689
2007-10-05 17:00:00,Thursday,1761
2007-10-05 18:00:00,Thursday,1990
2007-10-05 19:00:00,Thursday,2404
2007-10-05 20:00:00,Thursday,2991
2007-10-05 21:00:00,Thursday,3326
2007-10-05 22:00:00,Thursday,3469
2007-10-05 23:00:00,Thursday,3394
2007-10-18 00:00:00,Thursday,2838
2007-10-18 01:00:00,Thursday,1949
2007-10-18 02:00:00,Thursday,261
2007-10-18 11:00:00,Thursday,974
2007-10-18 12:00:00,Thursday,1272
2007-10-18 13:00:00,Thursday,1106
2007-10-18 14:00:00,Thursday,1373
2007-10-18 15:00:00,Thursday,1492
2007-10-18 16:00:00,Thursday,1555
2007-10-18 17:00:00,Thursday,1626
2007-10-18 18:00:00,Thursday,1799
2007-10-18 19:00:00,Thursday,2523
2007-10-18 20:00:00,Thursday,3384
2007-10-18 21:00:00,Thursday,3996
2007-10-18 22:00:00,Thursday,4286
2007-10-18 23:00:00,Thursday,4077
2007-10-25 00:00:00,Thursday,2869
2007-10-25 01:00:00,Thursday,1758
2007-10-25 02:00:00,Thursday,215
2007-10-25 11:00:00,Thursday,881
2007-10-25 12:00:00,Thursday,978
2007-10-25 13:00:00,Thursday,1229
2007-10-25 14:00:00,Thursday,1283
2007-10-25 15:00:00,Thursday,1301
2007-10-25 16:00:00,Thursday,1261
2007-10-25 17:00:00,Thursday,1180
2007-10-25 18:00:00,Thursday,1725
2007-10-25 19:00:00,Thursday,2533
2007-10-25 20:00:00,Thursday,3008
2007-10-25 21:00:00,Thursday,4046
2007-10-25 22:00:00,Thursday,4328
2007-10-25 23:00:00,Thursday,4047
2007-11-01 00:00:00,Thursday,1738
2007-11-01 01:00:00,Thursday,1074
2007-11-01 11:00:00,Thursday,762
2007-11-01 12:00:00,Thursday,785
2007-11-01 13:00:00,Thursday,817
2007-11-01 14:00:00,Thursday,850
2007-11-01 15:00:00,Thursday,794
2007-11-01 16:00:00,Thursday,856
2007-11-01 17:00:00,Thursday,970
2007-11-01 18:00:00,Thursday,939
2007-11-01 19:00:00,Thursday,1633
2007-11-01 20:00:00,Thursday,2435
2007-11-01 21:00:00,Thursday,2872
2007-11-01 22:00:00,Thursday,3081
2007-11-01 23:00:00,Thursday,2879
2007-11-10 00:00:00,Thursday,2796
2007-11-10 01:00:00,Thursday,1479
2007-11-10 11:00:00,Thursday,137
2007-11-10 12:00:00,Thursday,1065
2007-11-10 13:00:00,Thursday,1241
2007-11-10 14:00:00,Thursday,1322
2007-11-10 15:00:00,Thursday,1310
2007-11-10 16:00:00,Thursday,1164
2007-11-10 17:00:00,Thursday,1524
2007-11-10 18:00:00,Thursday,1741
2007-11-10 19:00:00,Thursday,2382
2007-11-10 20:00:00,Thursday,3090
2007-11-10 21:00:00,Thursday,3695
2007-11-10 22:00:00,Thursday,4009
2007-11-10 23:00:00,Thursday,3847
2007-11-15 00:00:00,Thursday,2454
2007-11-15 01:00:00,Thursday,1556
2007-11-15 02:00:00,Thursday,202
2007-11-15 17:00:00,Thursday,437
2007-11-15 18:00:00,Thursday,1206
2007-11-15 19:00:00,Thursday,1837
2007-11-15 20:00:00,Thursday,2364
2007-11-15 21:00:00,Thursday,2573
2007-11-15 22:00:00,Thursday,2708
2007-11-15 23:00:00,Thursday,2996
2007-11-22 00:00:00,Thursday,3030
2007-11-22 01:00:00,Thursday,1975
2007-11-22 02:00:00,Thursday,39
2007-11-22 11:00:00,Thursday,1078
2007-11-22 12:00:00,Thursday,1258
2007-11-22 13:00:00,Thursday,1227
2007-11-22 14:00:00,Thursday,1309
2007-11-22 15:00:00,Thursday,1388
2007-11-22 16:00:00,Thursday,1479
2007-11-22 17:00:00,Thursday,1647
2007-11-22 18:00:00,Thursday,1749
2007-11-22 19:00:00,Thursday,2486
2007-11-22 20:00:00,Thursday,3390
2007-11-22 21:00:00,Thursday,4008
2007-11-22 22:00:00,Thursday,4293
2007-11-22 23:00:00,Thursday,4200
2007-11-29 00:00:00,Thursday,2899
2007-11-29 01:00:00,Thursday,1846
2007-11-29 11:00:00,Thursday,1204
2007-11-29 12:00:00,Thursday,1449
2007-11-29 13:00:00,Thursday,1440
2007-11-29 14:00:00,Thursday,1529
2007-11-29 15:00:00,Thursday,1574
2007-11-29 16:00:00,Thursday,1659
2007-11-29 17:00:00,Thursday,1859
2007-11-29 18:00:00,Thursday,1944
2007-11-29 19:00:00,Thursday,2235
2007-11-29 20:00:00,Thursday,3607
2007-11-29 21:00:00,Thursday,4135
2007-11-29 22:00:00,Thursday,4484
2007-11-29 23:00:00,Thursday,4250
2007-12-04 00:00:00,Thursday,3514
2007-12-04 01:00:00,Thursday,2707
2007-12-04 02:00:00,Thursday,341
2007-12-04 11:00:00,Thursday,820
2007-12-04 12:00:00,Thursday,1889
2007-12-04 13:00:00,Thursday,2084
2007-12-04 14:00:00,Thursday,2180
2007-12-04 15:00:00,Thursday,2287
2007-12-04 16:00:00,Thursday,2031
2007-12-04 17:00:00,Thursday,2476
2007-12-04 18:00:00,Thursday,2709
2007-12-04 19:00:00,Thursday,3031
2007-12-04 20:00:00,Thursday,3725
2007-12-04 21:00:00,Thursday,3811
2007-12-04 22:00:00,Thursday,4250
2007-12-04 23:00:00,Thursday,4072
2007-12-07 00:00:00,Thursday,2788
2007-12-07 01:00:00,Thursday,1763
2007-12-07 13:00:00,Thursday,1341
2007-12-07 14:00:00,Thursday,1723
2007-12-07 15:00:00,Thursday,1622
2007-12-07 16:00:00,Thursday,1570
2007-12-07 17:00:00,Thursday,1591
2007-12-07 18:00:00,Thursday,1714
2007-12-07 19:00:00,Thursday,2387
2007-12-07 20:00:00,Thursday,3218
2007-12-07 21:00:00,Thursday,3850
2007-12-07 22:00:00,Thursday,4117
2007-12-07 23:00:00,Thursday,3827
2007-12-13 00:00:00,Thursday,2822
2007-12-13 01:00:00,Thursday,1698
2007-12-13 11:00:00,Thursday,1062
2007-12-13 12:00:00,Thursday,1168
2007-12-13 13:00:00,Thursday,1277
2007-12-13 14:00:00,Thursday,1135
2007-12-13 15:00:00,Thursday,1411
2007-12-13 16:00:00,Thursday,1520
2007-12-13 17:00:00,Thursday,1649
2007-12-13 18:00:00,Thursday,1780
2007-12-13 19:00:00,Thursday,2407
2007-12-13 20:00:00,Thursday,3316
2007-12-13 21:00:00,Thursday,3936
2007-12-13 22:00:00,Thursday,4473
2007-12-13 23:00:00,Thursday,4267
2007-12-20 00:00:00,Thursday,2969
2007-12-20 01:00:00,Thursday,1926
2007-12-20 02:00:00,Thursday,230
2007-12-20 11:00:00,Thursday,1003
2007-12-20 12:00:00,Thursday,1315
2007-12-20 13:00:00,Thursday,1435
2007-12-20 14:00:00,Thursday,1464
2007-12-20 15:00:00,Thursday,312
2007-12-20 16:00:00,Thursday,1528
2007-12-20 17:00:00,Thursday,1714
2007-12-20 18:00:00,Thursday,1806
2007-12-20 19:00:00,Thursday,2483
2007-12-20 20:00:00,Thursday,3421
2007-12-20 21:00:00,Thursday,3933
2007-12-20 22:00:00,Thursday,3655
2007-12-20 23:00:00,Thursday,4024
2007-12-27 00:00:00,Thursday,2974
2007-12-27 01:00:00,Thursday,1897
2007-12-27 02:00:00,Thursday,207
2007-12-27 11:00:00,Thursday,953
2007-12-27 12:00:00,Thursday,1197
2007-12-27 13:00:00,Thursday,1130
2007-12-27 14:00:00,Thursday,1177
2007-12-27 15:00:00,Thursday,1371
2007-12-27 16:00:00,Thursday,1476
2007-12-27 17:00:00,Thursday,1595
2007-12-27 18:00:00,Thursday,1802
2007-12-27 19:00:00,Thursday,2427
2007-12-27 20:00:00,Thursday,3231
2007-12-27 21:00:00,Thursday,4098
2007-12-27 22:00:00,Thursday,4216
2007-12-27 23:00:00,Thursday,3969
2008-01-17 00:00:00,Thursday,2556
2008-01-17 01:00:00,Thursday,1802
2008-01-17 02:00:00,Thursday,110
2008-01-17 11:00:00,Thursday,1161
2008-01-17 12:00:00,Thursday,1239
2008-01-17 13:00:00,Thursday,1412
2008-01-17 14:00:00,Thursday,1498
2008-01-17 15:00:00,Thursday,1587
2008-01-17 16:00:00,Thursday,1745
2008-01-17 17:00:00,Thursday,1749
2008-01-17 18:00:00,Thursday,1893
2008-01-17 19:00:00,Thursday,2637
2008-01-17 20:00:00,Thursday,3490
2008-01-17 21:00:00,Thursday,4017
2008-01-17 22:00:00,Thursday,4260
2008-01-17 23:00:00,Thursday,3858
2008-01-24 00:00:00,Thursday,2524
2008-01-24 01:00:00,Thursday,1742
2008-01-24 02:00:00,Thursday,44
2008-01-24 20:00:00,Thursday,3074
2008-01-24 21:00:00,Thursday,3853
2008-01-24 22:00:00,Thursday,4067
2008-01-24 23:00:00,Thursday,3909
2008-01-31 00:00:00,Thursday,2716
2008-01-31 01:00:00,Thursday,1951
2008-01-31 11:00:00,Thursday,4
2008-01-31 12:00:00,Thursday,927
2008-01-31 13:00:00,Thursday,1379
2008-01-31 14:00:00,Thursday,1614
2008-01-31 15:00:00,Thursday,1777
2008-01-31 16:00:00,Thursday,1676
2008-01-31 17:00:00,Thursday,298
2008-01-31 18:00:00,Thursday,1850
2008-01-31 19:00:00,Thursday,2441
2008-01-31 20:00:00,Thursday,3027
2008-01-31 21:00:00,Thursday,4052
2008-01-31 22:00:00,Thursday,4223
2008-01-31 23:00:00,Thursday,3802
2008-02-10 00:00:00,Thursday,1671
2008-02-10 01:00:00,Thursday,1040
2008-02-10 02:00:00,Thursday,102
2008-02-10 11:00:00,Thursday,638
2008-02-10 12:00:00,Thursday,699
2008-02-10 13:00:00,Thursday,833
2008-02-10 14:00:00,Thursday,933
2008-02-10 15:00:00,Thursday,830
2008-02-10 16:00:00,Thursday,821
2008-02-10 17:00:00,Thursday,809
2008-02-10 18:00:00,Thursday,947
2008-02-10 19:00:00,Thursday,1259
2008-02-10 20:00:00,Thursday,1940
2008-02-10 21:00:00,Thursday,2536
2008-02-10 22:00:00,Thursday,2529
2008-02-10 23:00:00,Thursday,2340
2008-02-14 00:00:00,Thursday,2777
2008-02-14 01:00:00,Thursday,1774
2008-02-14 11:00:00,Thursday,897
2008-02-14 12:00:00,Thursday,872
2008-02-14 13:00:00,Thursday,1124
2008-02-14 14:00:00,Thursday,1358
2008-02-14 15:00:00,Thursday,1510
2008-02-14 16:00:00,Thursday,1595
2008-02-14 17:00:00,Thursday,1621
2008-02-14 18:00:00,Thursday,1607
2008-02-14 19:00:00,Thursday,1909
2008-02-14 20:00:00,Thursday,3089
2008-02-14 21:00:00,Thursday,3603
2008-02-14 22:00:00,Thursday,3750
2008-02-14 23:00:00,Thursday,3493
2008-02-21 00:00:00,Thursday,2220
2008-02-21 01:00:00,Thursday,915
2008-02-21 02:00:00,Thursday,217
2008-02-21 11:00:00,Thursday,859
2008-02-21 12:00:00,Thursday,1150
2008-02-21 13:00:00,Thursday,1235
2008-02-21 14:00:00,Thursday,1300
2008-02-21 15:00:00,Thursday,1356
2008-02-21 16:00:00,Thursday,1438
2008-02-21 17:00:00,Thursday,1716
2008-02-21 18:00:00,Thursday,1830
2008-02-21 19:00:00,Thursday,1927
2008-02-21 20:00:00,Thursday,3267
2008-02-21 21:00:00,Thursday,3833
2008-02-21 22:00:00,Thursday,4104
2008-02-21 23:00:00,Thursday,3774
2008-02-28 00:00:00,Thursday,3566
2008-02-28 01:00:00,Thursday,2545
2008-02-28 11:00:00,Thursday,1751
2008-02-28 12:00:00,Thursday,2201
2008-02-28 13:00:00,Thursday,2463
2008-02-28 14:00:00,Thursday,2741
2008-02-28 15:00:00,Thursday,2700
2008-02-28 16:00:00,Thursday,2640
2008-02-28 17:00:00,Thursday,2597
2008-02-28 18:00:00,Thursday,2626
2008-02-28 19:00:00,Thursday,3056
2008-02-28 20:00:00,Thursday,3811
2008-02-28 21:00:00,Thursday,4156
2008-02-28 22:00:00,Thursday,4273
2008-02-28 23:00:00,Thursday,3806
2008-03-01 00:00:00,Thursday,2710
2008-03-01 01:00:00,Thursday,1723
2008-03-01 11:00:00,Thursday,986
2008-03-01 12:00:00,Thursday,1168
2008-03-01 13:00:00,Thursday,1233
2008-03-01 14:00:00,Thursday,1263
2008-03-01 15:00:00,Thursday,1344
2008-03-01 16:00:00,Thursday,1444
2008-03-01 17:00:00,Thursday,1485
2008-03-01 18:00:00,Thursday,1737
2008-03-01 19:00:00,Thursday,2401
2008-03-01 20:00:00,Thursday,3502
2008-03-01 21:00:00,Thursday,4012
2008-03-01 22:00:00,Thursday,4285
2008-03-01 23:00:00,Thursday,4170
2008-03-04 00:00:00,Thursday,2355
2008-03-04 01:00:00,Thursday,1758
2008-03-07 00:00:00,Thursday,1729
2008-03-07 01:00:00,Thursday,1132
2008-03-07 02:00:00,Thursday,91
2008-03-07 11:00:00,Thursday,3
2008-03-07 12:00:00,Thursday,834
2008-03-07 13:00:00,Thursday,987
2008-03-07 14:00:00,Thursday,1097
2008-03-07 15:00:00,Thursday,1116
2008-03-07 16:00:00,Thursday,1183
2008-03-07 17:00:00,Thursday,1109
2008-03-07 18:00:00,Thursday,1152
2008-03-07 19:00:00,Thursday,1545
2008-03-07 20:00:00,Thursday,2489
2008-03-07 21:00:00,Thursday,3034
2008-03-07 22:00:00,Thursday,3019
2008-03-07 23:00:00,Thursday,2294
2008-03-13 00:00:00,Thursday,2549
2008-03-13 01:00:00,Thursday,1491
2008-03-13 02:00:00,Thursday,131
2008-03-13 11:00:00,Thursday,744
2008-03-13 12:00:00,Thursday,1122
2008-03-13 13:00:00,Thursday,1223
2008-03-13 14:00:00,Thursday,1339
2008-03-13 15:00:00,Thursday,1372
2008-03-13 16:00:00,Thursday,1324
2008-03-13 17:00:00,Thursday,1494
2008-03-13 18:00:00,Thursday,1848
2008-03-13 19:00:00,Thursday,2526
2008-03-13 20:00:00,Thursday,3437
2008-03-13 21:00:00,Thursday,3916
2008-03-13 22:00:00,Thursday,4107
2008-03-13 23:00:00,Thursday,3835
2008-03-20 00:00:00,Thursday,2552
2008-03-20 01:00:00,Thursday,1578
2008-03-20 02:00:00,Thursday,142
2008-03-20 11:00:00,Thursday,924
2008-03-20 12:00:00,Thursday,1019
2008-03-20 13:00:00,Thursday,1054
2008-03-20 14:00:00,Thursday,1183
2008-03-20 15:00:00,Thursday,1182
2008-03-20 16:00:00,Thursday,1208
2008-03-20 17:00:00,Thursday,1349
2008-03-20 18:00:00,Thursday,1675
2008-03-20 19:00:00,Thursday,2359
2008-03-20 20:00:00,Thursday,3363
2008-03-20 21:00:00,Thursday,3903
2008-03-20 22:00:00,Thursday,3975
2008-03-20 23:00:00,Thursday,3733
2008-03-27 00:00:00,Thursday,2341
2008-03-27 01:00:00,Thursday,1368
2008-03-27 02:00:00,Thursday,117
2008-04-09 00:00:00,Thursday,1842
2008-04-09 01:00:00,Thursday,1081
2008-04-09 02:00:00,Thursday,115
2008-04-09 11:00:00,Thursday,679
2008-04-09 12:00:00,Thursday,763
2008-04-09 13:00:00,Thursday,957
2008-04-09 14:00:00,Thursday,877
2008-04-09 15:00:00,Thursday,872
2008-04-09 16:00:00,Thursday,1030
2008-04-09 17:00:00,Thursday,1082
2008-04-09 18:00:00,Thursday,1148
2008-04-09 19:00:00,Thursday,1313
2008-04-09 20:00:00,Thursday,2025
2008-04-09 21:00:00,Thursday,2691
2008-04-09 22:00:00,Thursday,2742
2008-04-09 23:00:00,Thursday,2410
2008-04-12 00:00:00,Thursday,1428
2008-04-12 01:00:00,Thursday,1312
2008-04-12 11:00:00,Thursday,787
2008-04-12 12:00:00,Thursday,867
2008-04-12 13:00:00,Thursday,474
2008-04-12 15:00:00,Thursday,253
2008-04-12 16:00:00,Thursday,900
2008-04-12 17:00:00,Thursday,911
2008-04-12 18:00:00,Thursday,990
2008-04-12 19:00:00,Thursday,1524
2008-04-12 20:00:00,Thursday,1796
2008-04-12 21:00:00,Thursday,2445
2008-04-12 22:00:00,Thursday,1329
2008-04-12 23:00:00,Thursday,2632
2008-04-17 00:00:00,Thursday,2308
2008-04-17 01:00:00,Thursday,1502
2008-04-17 11:00:00,Thursday,696
2008-04-17 12:00:00,Thursday,1022
2008-04-17 13:00:00,Thursday,1094
2008-04-17 14:00:00,Thursday,1244
2008-04-17 15:00:00,Thursday,1165
2008-04-17 16:00:00,Thursday,1381
2008-04-17 17:00:00,Thursday,1488
2008-04-17 18:00:00,Thursday,1684
2008-04-17 19:00:00,Thursday,2254
2008-04-17 20:00:00,Thursday,3108
2008-04-17 21:00:00,Thursday,3459
2008-04-17 22:00:00,Thursday,3711
2008-04-17 23:00:00,Thursday,3514
2008-04-24 00:00:00,Thursday,2375
2008-04-24 01:00:00,Thursday,1254
2008-04-24 02:00:00,Thursday,107
2008-04-24 11:00:00,Thursday,823
2008-04-24 12:00:00,Thursday,907
2008-04-24 13:00:00,Thursday,992
2008-04-24 14:00:00,Thursday,1105
2008-04-24 15:00:00,Thursday,1246
2008-04-24 16:00:00,Thursday,1348
2008-04-24 17:00:00,Thursday,1374
2008-04-24 18:00:00,Thursday,1551
2008-04-24 19:00:00,Thursday,2285
2008-04-24 20:00:00,Thursday,3301
2008-04-24 21:00:00,Thursday,3795
2008-04-24 22:00:00,Thursday,3923
2008-04-24 23:00:00,Thursday,3419
2008-05-06 00:00:00,Thursday,2022
2008-05-06 01:00:00,Thursday,1513
2008-05-06 11:00:00,Thursday,651
2008-05-06 12:00:00,Thursday,905
2008-05-06 13:00:00,Thursday,1033
2008-05-06 14:00:00,Thursday,1057
2008-05-06 15:00:00,Thursday,1069
2008-05-06 16:00:00,Thursday,1149
2008-05-06 17:00:00,Thursday,1376
2008-05-06 18:00:00,Thursday,1511
2008-05-06 19:00:00,Thursday,2026
2008-05-06 20:00:00,Thursday,2953
2008-05-06 21:00:00,Thursday,3226
2008-05-06 22:00:00,Thursday,3599
2008-05-06 23:00:00,Thursday,3241
2008-05-15 00:00:00,Thursday,1909
2008-05-15 01:00:00,Thursday,347
2008-05-15 11:00:00,Thursday,602
2008-05-15 12:00:00,Thursday,818
2008-05-15 13:00:00,Thursday,893
2008-05-15 14:00:00,Thursday,802
2008-05-15 15:00:00,Thursday,991
2008-05-15 16:00:00,Thursday,1072
2008-05-15 17:00:00,Thursday,1176
2008-05-15 18:00:00,Thursday,1318
2008-05-15 19:00:00,Thursday,1906
2008-05-15 20:00:00,Thursday,2883
2008-05-15 21:00:00,Thursday,3501
2008-05-15 22:00:00,Thursday,2994
2008-05-15 23:00:00,Thursday,3272
2008-05-22 00:00:00,Thursday,2025
2008-05-22 01:00:00,Thursday,1171
2008-05-22 11:00:00,Thursday,683
2008-05-22 12:00:00,Thursday,851
2008-05-22 13:00:00,Thursday,913
2008-05-22 14:00:00,Thursday,984
2008-05-22 15:00:00,Thursday,1026
2008-05-22 16:00:00,Thursday,1205
2008-05-22 17:00:00,Thursday,1024
2008-05-22 18:00:00,Thursday,1392
2008-05-22 19:00:00,Thursday,2017
2008-05-22 20:00:00,Thursday,2935
2008-05-22 21:00:00,Thursday,3392
2008-05-22 22:00:00,Thursday,3498
2008-05-22 23:00:00,Thursday,2526
2008-05-29 00:00:00,Thursday,2031
2008-05-29 01:00:00,Thursday,1273
2008-05-29 11:00:00,Thursday,785
2008-05-29 12:00:00,Thursday,771
2008-05-29 13:00:00,Thursday,884
2008-05-29 14:00:00,Thursday,983
2008-05-29 15:00:00,Thursday,1036
2008-05-29 16:00:00,Thursday,1085
2008-05-29 17:00:00,Thursday,1219
2008-05-29 18:00:00,Thursday,1392
2008-05-29 19:00:00,Thursday,2064
2008-05-29 20:00:00,Thursday,2494
2008-05-29 21:00:00,Thursday,3440
2008-05-29 22:00:00,Thursday,3618
2008-05-29 23:00:00,Thursday,3046
2008-06-03 00:00:00,Thursday,2583
2008-06-03 01:00:00,Thursday,1581
2008-06-03 02:00:00,Thursday,114
2008-06-03 11:00:00,Thursday,694
2008-06-03 12:00:00,Thursday,842
2008-06-03 13:00:00,Thursday,1036
2008-06-03 14:00:00,Thursday,954
2008-06-03 15:00:00,Thursday,1296
2008-06-03 16:00:00,Thursday,1399
2008-06-03 17:00:00,Thursday,1586
2008-06-03 18:00:00,Thursday,1846
2008-06-03 19:00:00,Thursday,2526
2008-06-03 20:00:00,Thursday,3469
2008-06-03 21:00:00,Thursday,3882
2008-06-03 22:00:00,Thursday,4087
2008-06-03 23:00:00,Thursday,3704
2008-06-11 00:00:00,Thursday,667
2008-06-11 01:00:00,Thursday,632
2008-06-11 02:00:00,Thursday,84
2008-06-11 15:00:00,Thursday,287
2008-06-11 16:00:00,Thursday,578
2008-06-11 17:00:00,Thursday,537
2008-06-11 18:00:00,Thursday,624
2008-06-11 19:00:00,Thursday,836
2008-06-11 20:00:00,Thursday,1123
2008-06-11 21:00:00,Thursday,1805
2008-06-11 22:00:00,Thursday,1823
2008-06-11 23:00:00,Thursday,1789
2008-06-19 00:00:00,Thursday,2066
2008-06-19 01:00:00,Thursday,1169
2008-06-19 11:00:00,Thursday,727
2008-06-19 12:00:00,Thursday,894
2008-06-19 13:00:00,Thursday,457
2008-06-19 14:00:00,Thursday,1028
2008-06-19 15:00:00,Thursday,1236
2008-06-19 16:00:00,Thursday,1035
2008-06-19 17:00:00,Thursday,1235
2008-06-19 18:00:00,Thursday,1142
2008-06-19 19:00:00,Thursday,1339
2008-06-19 20:00:00,Thursday,2695
2008-06-19 21:00:00,Thursday,2622
2008-06-19 22:00:00,Thursday,3256
2008-06-19 23:00:00,Thursday,3054
2008-06-26 00:00:00,Thursday,1988
2008-06-26 01:00:00,Thursday,1032
2008-06-26 12:00:00,Thursday,505
2008-06-26 13:00:00,Thursday,853
2008-06-26 14:00:00,Thursday,1104
2008-06-26 15:00:00,Thursday,1178
2008-06-26 16:00:00,Thursday,1239
2008-06-26 17:00:00,Thursday,1321
2008-06-26 18:00:00,Thursday,1426
2008-06-26 19:00:00,Thursday,1924
2008-06-26 20:00:00,Thursday,2796
2008-06-26 21:00:00,Thursday,3338
2008-06-26 22:00:00,Thursday,3419
2008-06-26 23:00:00,Thursday,3177
2008-07-02 00:00:00,Thursday,2675
2008-07-02 01:00:00,Thursday,2219
2008-07-02 02:00:00,Thursday,300
2008-07-02 11:00:00,Thursday,1292
2008-07-02 12:00:00,Thursday,1839
2008-07-02 13:00:00,Thursday,2112
2008-07-02 14:00:00,Thursday,2314
2008-07-02 15:00:00,Thursday,2414
2008-07-02 16:00:00,Thursday,2440
2008-07-02 17:00:00,Thursday,2458
2008-07-02 18:00:00,Thursday,1866
2008-07-02 19:00:00,Thursday,2297
2008-07-02 20:00:00,Thursday,2590
2008-07-02 21:00:00,Thursday,2794
2008-07-02 22:00:00,Thursday,3014
2008-07-02 23:00:00,Thursday,2445
2008-07-08 00:00:00,Thursday,1735
2008-07-08 01:00:00,Thursday,1082
2008-07-08 11:00:00,Thursday,719
2008-07-08 12:00:00,Thursday,845
2008-07-08 13:00:00,Thursday,867
2008-07-08 14:00:00,Thursday,911
2008-07-08 15:00:00,Thursday,807
2008-07-08 16:00:00,Thursday,924
2008-07-08 17:00:00,Thursday,976
2008-07-08 18:00:00,Thursday,1059
2008-07-08 19:00:00,Thursday,1364
2008-07-08 20:00:00,Thursday,2126
2008-07-08 21:00:00,Thursday,2506
2008-07-08 22:00:00,Thursday,2684
2008-07-08 23:00:00,Thursday,2543
2008-07-17 00:00:00,Thursday,1759
2008-07-17 01:00:00,Thursday,1143
2008-07-17 14:00:00,Thursday,226
2008-07-17 15:00:00,Thursday,1316
2008-07-17 16:00:00,Thursday,1359
2008-07-17 17:00:00,Thursday,1333
2008-07-17 18:00:00,Thursday,1360
2008-07-17 19:00:00,Thursday,1781
2008-07-17 20:00:00,Thursday,2649
2008-07-17 21:00:00,Thursday,3193
2008-07-17 22:00:00,Thursday,3280
2008-07-17 23:00:00,Thursday,2973
2008-07-24 00:00:00,Thursday,1690
2008-07-24 01:00:00,Thursday,887
2008-07-24 02:00:00,Thursday,142
2008-07-24 11:00:00,Thursday,837
2008-07-24 12:00:00,Thursday,753
2008-07-24 13:00:00,Thursday,902
2008-07-24 14:00:00,Thursday,1188
2008-07-24 15:00:00,Thursday,1280
2008-07-24 16:00:00,Thursday,1273
2008-07-24 17:00:00,Thursday,1339
2008-07-24 18:00:00,Thursday,1266
2008-07-24 19:00:00,Thursday,1730
2008-07-24 20:00:00,Thursday,2648
2008-07-24 21:00:00,Thursday,2944
2008-07-24 22:00:00,Thursday,3005
2008-07-24 23:00:00,Thursday,2428
2008-07-31 00:00:00,Thursday,1904
2008-07-31 01:00:00,Thursday,1220
2008-07-31 02:00:00,Thursday,159
2008-07-31 11:00:00,Thursday,874
2008-07-31 12:00:00,Thursday,1046
2008-07-31 13:00:00,Thursday,1108
2008-07-31 14:00:00,Thursday,1220
2008-07-31 15:00:00,Thursday,1359
2008-07-31 16:00:00,Thursday,1359
2008-07-31 17:00:00,Thursday,1110
2008-07-31 18:00:00,Thursday,1235
2008-07-31 19:00:00,Thursday,1593
2008-07-31 20:00:00,Thursday,2632
2008-07-31 21:00:00,Thursday,3131
2008-07-31 22:00:00,Thursday,2623
2008-07-31 23:00:00,Thursday,2938
2008-08-05 00:00:00,Thursday,2196
2008-08-05 01:00:00,Thursday,1406
2008-08-05 12:00:00,Thursday,452
2008-08-05 13:00:00,Thursday,982
2008-08-05 14:00:00,Thursday,908
2008-08-05 15:00:00,Thursday,1094
2008-08-05 16:00:00,Thursday,1131
2008-08-05 17:00:00,Thursday,1194
2008-08-05 18:00:00,Thursday,1463
2008-08-05 19:00:00,Thursday,1984
2008-08-05 20:00:00,Thursday,3107
2008-08-05 21:00:00,Thursday,3509
2008-08-05 22:00:00,Thursday,3666
2008-08-05 23:00:00,Thursday,3289
2008-08-14 00:00:00,Thursday,1799
2008-08-14 01:00:00,Thursday,1048
2008-08-14 12:00:00,Thursday,34
2008-08-14 13:00:00,Thursday,824
2008-08-14 14:00:00,Thursday,1172
2008-08-14 15:00:00,Thursday,1156
2008-08-14 16:00:00,Thursday,1151
2008-08-14 17:00:00,Thursday,1193
2008-08-14 18:00:00,Thursday,1321
2008-08-14 19:00:00,Thursday,1738
2008-08-14 20:00:00,Thursday,2356
2008-08-14 21:00:00,Thursday,2799
2008-08-14 22:00:00,Thursday,2787
2008-08-14 23:00:00,Thursday,2820
2008-08-21 00:00:00,Thursday,1558
2008-08-21 01:00:00,Thursday,1025
2008-08-21 11:00:00,Thursday,779
2008-08-21 12:00:00,Thursday,775
2008-08-21 13:00:00,Thursday,937
2008-08-21 14:00:00,Thursday,1009
2008-08-21 15:00:00,Thursday,1066
2008-08-21 16:00:00,Thursday,945
2008-08-21 17:00:00,Thursday,1054
2008-08-21 18:00:00,Thursday,1008
2008-08-21 19:00:00,Thursday,1510
2008-08-21 20:00:00,Thursday,2224
2008-08-21 21:00:00,Thursday,2622
2008-08-21 22:00:00,Thursday,2281
2008-08-21 23:00:00,Thursday,2516
2008-08-28 00:00:00,Thursday,2003
2008-08-28 01:00:00,Thursday,997
2008-08-28 02:00:00,Thursday,144
2008-08-28 11:00:00,Thursday,533
2008-08-28 12:00:00,Thursday,871
2008-08-28 13:00:00,Thursday,843
2008-08-28 14:00:00,Thursday,886
2008-08-28 15:00:00,Thursday,997
2008-08-28 16:00:00,Thursday,963
2008-08-28 17:00:00,Thursday,1050
2008-08-28 18:00:00,Thursday,1140
2008-08-28 19:00:00,Thursday,1426
2008-08-28 20:00:00,Thursday,2461
2008-08-28 21:00:00,Thursday,2728
2008-08-28 22:00:00,Thursday,2832
2008-08-28 23:00:00,Thursday,2613
2008-09-10 00:00:00,Thursday,1957
2008-09-10 01:00:00,Thursday,1231
2008-09-10 02:00:00,Thursday,24
2008-09-10 11:00:00,Thursday,727
2008-09-10 12:00:00,Thursday,787
2008-09-10 13:00:00,Thursday,899
2008-09-10 14:00:00,Thursday,899
2008-09-10 15:00:00,Thursday,890
2008-09-10 16:00:00,Thursday,929
2008-09-10 17:00:00,Thursday,1013
2008-09-10 18:00:00,Thursday,1022
2008-09-10 19:00:00,Thursday,1368
2008-09-10 20:00:00,Thursday,1897
2008-09-10 21:00:00,Thursday,2383
2008-09-10 22:00:00,Thursday,2690
2008-09-10 23:00:00,Thursday,2425
2008-09-18 00:00:00,Thursday,1723
2008-09-18 01:00:00,Thursday,794
2008-09-18 02:00:00,Thursday,88
2008-09-18 11:00:00,Thursday,587
2008-09-18 12:00:00,Thursday,632
2008-09-18 13:00:00,Thursday,695
2008-09-18 14:00:00,Thursday,719
2008-09-18 15:00:00,Thursday,842
2008-09-18 16:00:00,Thursday,842
2008-09-18 17:00:00,Thursday,871
2008-09-18 18:00:00,Thursday,936
2008-09-18 19:00:00,Thursday,1358
2008-09-18 20:00:00,Thursday,1669
2008-09-18 21:00:00,Thursday,2336
2008-09-18 22:00:00,Thursday,2581
2008-09-18 23:00:00,Thursday,2283
2008-09-25 00:00:00,Thursday,1534
2008-09-25 01:00:00,Thursday,943
2008-09-25 02:00:00,Thursday,47
2008-09-25 11:00:00,Thursday,575
2008-09-25 12:00:00,Thursday,483
2008-09-25 13:00:00,Thursday,637
2008-09-25 14:00:00,Thursday,691
2008-09-25 15:00:00,Thursday,681
2008-09-25 16:00:00,Thursday,759
2008-09-25 17:00:00,Thursday,868
2008-09-25 18:00:00,Thursday,978
2008-09-25 19:00:00,Thursday,1307
2008-09-25 20:00:00,Thursday,1991
2008-09-25 21:00:00,Thursday,2411
2008-09-25 22:00:00,Thursday,2338
2008-09-25 23:00:00,Thursday,2368
2008-10-01 00:00:00,Thursday,2887
2008-10-01 01:00:00,Thursday,1925
2008-10-01 02:00:00,Thursday,193
2008-10-01 13:00:00,Thursday,229
2008-10-01 14:00:00,Thursday,1473
2008-10-01 15:00:00,Thursday,1491
2008-10-01 16:00:00,Thursday,1354
2008-10-01 17:00:00,Thursday,1621
2008-10-01 18:00:00,Thursday,1518
2008-10-01 19:00:00,Thursday,1301
2008-10-01 20:00:00,Thursday,3140
2008-10-01 21:00:00,Thursday,3610
2008-10-01 22:00:00,Thursday,4061
2008-10-01 23:00:00,Thursday,3976
2008-10-04 00:00:00,Thursday,2364
2008-10-04 01:00:00,Thursday,1426
2008-10-04 02:00:00,Thursday,86
2008-10-04 12:00:00,Thursday,498
2008-10-04 13:00:00,Thursday,1140
2008-10-04 14:00:00,Thursday,1329
2008-10-04 15:00:00,Thursday,1304
2008-10-04 16:00:00,Thursday,1393
2008-10-04 17:00:00,Thursday,1433
2008-10-04 18:00:00,Thursday,1570
2008-10-04 19:00:00,Thursday,2269
2008-10-04 20:00:00,Thursday,3074
2008-10-04 21:00:00,Thursday,3382
2008-10-04 22:00:00,Thursday,3589
2008-10-04 23:00:00,Thursday,3402
2008-10-07 00:00:00,Thursday,1023
2008-10-07 01:00:00,Thursday,1240
2008-10-07 02:00:00,Thursday,130
2008-10-07 11:00:00,Thursday,639
2008-10-07 12:00:00,Thursday,401
2008-10-07 13:00:00,Thursday,1203
2008-10-07 14:00:00,Thursday,1200
2008-10-07 15:00:00,Thursday,1059
2008-10-07 16:00:00,Thursday,92
2008-10-07 17:00:00,Thursday,1222
2008-10-07 18:00:00,Thursday,1297
2008-10-07 19:00:00,Thursday,1741
2008-10-07 20:00:00,Thursday,2749
2008-10-07 21:00:00,Thursday,3080
2008-10-07 22:00:00,Thursday,3216
2008-10-07 23:00:00,Thursday,2844
2008-10-16 00:00:00,Thursday,1442
2008-10-16 01:00:00,Thursday,847
2008-10-16 02:00:00,Thursday,113
2008-10-16 11:00:00,Thursday,498
2008-10-16 12:00:00,Thursday,668
2008-10-16 13:00:00,Thursday,382
2008-10-16 15:00:00,Thursday,493
2008-10-16 16:00:00,Thursday,707
2008-10-16 17:00:00,Thursday,663
2008-10-16 18:00:00,Thursday,781
2008-10-16 19:00:00,Thursday,1235
2008-10-16 20:00:00,Thursday,1632
2008-10-16 21:00:00,Thursday,2078
2008-10-16 22:00:00,Thursday,2596
2008-10-16 23:00:00,Thursday,2251
2008-10-23 00:00:00,Thursday,1411
2008-10-23 01:00:00,Thursday,803
2008-10-23 17:00:00,Thursday,129
2008-10-23 18:00:00,Thursday,325
2008-10-23 19:00:00,Thursday,295
2008-10-23 20:00:00,Thursday,185
2008-10-23 21:00:00,Thursday,309
2008-10-23 22:00:00,Thursday,709
2008-10-23 23:00:00,Thursday,1277
2008-10-30 00:00:00,Thursday,1266
2008-10-30 01:00:00,Thursday,771
2008-10-30 02:00:00,Thursday,144
2008-10-30 11:00:00,Thursday,274
2008-10-30 12:00:00,Thursday,591
2008-10-30 13:00:00,Thursday,655
2008-10-30 14:00:00,Thursday,670
2008-10-30 15:00:00,Thursday,616
2008-10-30 16:00:00,Thursday,804
2008-10-30 17:00:00,Thursday,850
2008-10-30 18:00:00,Thursday,831
2008-10-30 19:00:00,Thursday,1063
2008-10-30 20:00:00,Thursday,1739
2008-10-30 21:00:00,Thursday,1864
2008-10-30 22:00:00,Thursday,2335
2008-10-30 23:00:00,Thursday,1784
2008-11-09 00:00:00,Thursday,1655
2008-11-09 01:00:00,Thursday,1005
2008-11-09 02:00:00,Thursday,42
2008-11-09 11:00:00,Thursday,673
2008-11-09 12:00:00,Thursday,748
2008-11-09 13:00:00,Thursday,992
2008-11-09 14:00:00,Thursday,865
2008-11-09 15:00:00,Thursday,983
2008-11-09 16:00:00,Thursday,1029
2008-11-09 17:00:00,Thursday,990
2008-11-09 18:00:00,Thursday,1041
2008-11-09 19:00:00,Thursday,1326
2008-11-09 20:00:00,Thursday,2051
2008-11-09 21:00:00,Thursday,2521
2008-11-09 22:00:00,Thursday,2425
2008-11-09 23:00:00,Thursday,2489
2008-11-12 00:00:00,Thursday,1838
2008-11-12 01:00:00,Thursday,1164
2008-11-12 02:00:00,Thursday,104
2008-11-12 11:00:00,Thursday,559
2008-11-12 12:00:00,Thursday,685
2008-11-12 13:00:00,Thursday,893
2008-11-12 14:00:00,Thursday,914
2008-11-12 15:00:00,Thursday,903
2008-11-12 16:00:00,Thursday,1017
2008-11-12 17:00:00,Thursday,816
2008-11-12 18:00:00,Thursday,1112
2008-11-12 19:00:00,Thursday,1414
2008-11-12 20:00:00,Thursday,1946
2008-11-12 21:00:00,Thursday,2362
2008-11-12 22:00:00,Thursday,2593
2008-11-12 23:00:00,Thursday,2178
2008-11-13 00:00:00,Thursday,1002
2008-11-13 01:00:00,Thursday,617
2008-11-13 11:00:00,Thursday,457
2008-11-13 12:00:00,Thursday,523
2008-11-13 13:00:00,Thursday,537
2008-11-13 14:00:00,Thursday,565
2008-11-13 15:00:00,Thursday,515
2008-11-13 16:00:00,Thursday,370
2008-11-13 18:00:00,Thursday,627
2008-11-13 19:00:00,Thursday,941
2008-11-13 20:00:00,Thursday,1326
2008-11-13 21:00:00,Thursday,1548
2008-11-13 22:00:00,Thursday,1753
2008-11-13 23:00:00,Thursday,1633
2008-11-20 00:00:00,Thursday,1840
2008-11-20 01:00:00,Thursday,1130
2008-11-20 11:00:00,Thursday,780
2008-11-20 12:00:00,Thursday,764
2008-11-20 13:00:00,Thursday,817
2008-11-20 14:00:00,Thursday,875
2008-11-20 15:00:00,Thursday,846
2008-11-20 16:00:00,Thursday,1001
2008-11-20 17:00:00,Thursday,922
2008-11-20 18:00:00,Thursday,1146
2008-11-20 19:00:00,Thursday,1114
2008-11-20 22:00:00,Thursday,1458
2008-11-20 23:00:00,Thursday,2133
2008-11-27 00:00:00,Thursday,2025
2008-11-27 01:00:00,Thursday,1379
2008-11-27 02:00:00,Thursday,133
2008-11-27 11:00:00,Thursday,599
2008-11-27 12:00:00,Thursday,848
2008-11-27 13:00:00,Thursday,922
2008-11-27 14:00:00,Thursday,785
2008-11-27 15:00:00,Thursday,989
2008-11-27 16:00:00,Thursday,1020
2008-11-27 17:00:00,Thursday,1064
2008-11-27 18:00:00,Thursday,1186
2008-11-27 19:00:00,Thursday,1389
2008-11-27 23:00:00,Thursday,579
2008-12-06 00:00:00,Thursday,1997
2008-12-06 01:00:00,Thursday,1255
2008-12-06 11:00:00,Thursday,873
2008-12-06 12:00:00,Thursday,1105
2008-12-06 13:00:00,Thursday,1013
2008-12-06 14:00:00,Thursday,1100
2008-12-06 15:00:00,Thursday,1100
2008-12-06 16:00:00,Thursday,1274
2008-12-06 17:00:00,Thursday,1165
2008-12-06 18:00:00,Thursday,1375
2008-12-06 19:00:00,Thursday,2017
2008-12-06 20:00:00,Thursday,2895
2008-12-06 21:00:00,Thursday,3058
2008-12-06 22:00:00,Thursday,2937
2008-12-06 23:00:00,Thursday,2955
2008-12-18 00:00:00,Thursday,1621
2008-12-18 01:00:00,Thursday,1115
2008-12-18 11:00:00,Thursday,487
2008-12-18 12:00:00,Thursday,868
2008-12-18 13:00:00,Thursday,815
2008-12-18 14:00:00,Thursday,904
2008-12-18 15:00:00,Thursday,941
2008-12-18 16:00:00,Thursday,1011
2008-12-18 17:00:00,Thursday,1046
2008-12-18 18:00:00,Thursday,1030
2008-12-18 19:00:00,Thursday,1587
2008-12-18 20:00:00,Thursday,2199
2008-12-18 21:00:00,Thursday,1978
2008-12-18 22:00:00,Thursday,3141
2008-12-18 23:00:00,Thursday,1733
2008-12-25 00:00:00,Thursday,1707
2008-12-25 01:00:00,Thursday,1225
2008-12-25 11:00:00,Thursday,756
2008-12-25 12:00:00,Thursday,906
2008-12-25 13:00:00,Thursday,966
2008-12-25 14:00:00,Thursday,1042
2008-12-25 15:00:00,Thursday,1028
2008-12-25 16:00:00,Thursday,991
2008-12-25 17:00:00,Thursday,1029
2008-12-25 18:00:00,Thursday,1096
2008-12-25 19:00:00,Thursday,1468
2008-12-25 20:00:00,Thursday,2023
2008-12-25 21:00:00,Thursday,2163
2008-12-25 22:00:00,Thursday,2828
2008-12-25 23:00:00,Thursday,645
2009-01-01 00:00:00,Thursday,1799
2009-01-01 01:00:00,Thursday,1441
2009-01-01 02:00:00,Thursday,292
2009-01-01 11:00:00,Thursday,920
2009-01-01 12:00:00,Thursday,649
2009-01-01 13:00:00,Thursday,1406
2009-01-01 14:00:00,Thursday,1589
2009-01-01 15:00:00,Thursday,1694
2009-01-01 16:00:00,Thursday,1774
2009-01-01 17:00:00,Thursday,1812
2009-01-01 18:00:00,Thursday,1606
2009-01-01 19:00:00,Thursday,1677
2009-01-01 20:00:00,Thursday,2086
2009-01-01 21:00:00,Thursday,2454
2009-01-01 22:00:00,Thursday,2488
2009-01-01 23:00:00,Thursday,2436
2009-08-01 00:00:00,Thursday,956
2009-08-01 01:00:00,Thursday,331
2009-08-01 12:00:00,Thursday,158
2009-08-01 14:00:00,Thursday,220
2009-08-01 15:00:00,Thursday,376
2009-08-01 16:00:00,Thursday,509
2009-08-01 17:00:00,Thursday,851
2009-08-01 18:00:00,Thursday,853
2009-08-01 19:00:00,Thursday,1325
2009-08-01 20:00:00,Thursday,2079
2009-08-01 21:00:00,Thursday,2140
2009-08-01 22:00:00,Thursday,2906
2009-08-01 23:00:00,Thursday,2005
